id,address,boolean
1663,"1165 Hinds Arundel Road, Ealing",Request timed out
1726,"15 Cross Street, Allenton, Ashburton",Request timed out
1727,"27 Allison Street, Allenton, Ashburton",Request timed out
1772,"17 Millibrook Place, Tinwald, Ashburton",Request timed out
1773,"7 Reed Street, Hinds",Request timed out
1847,"4 Todd Place, Allenton, Ashburton",Request timed out
1848,"101 Harrison Street, Allenton, Ashburton",Request timed out
1893,"73 Elizabeth Avenue, Rakaia",Request timed out
1894,"42 Tancred Street, Rakaia",Request timed out
1928,"1 Dunford Street, Rakaia",Request timed out
1960,"163 McMurdo Street, Tinwald, Ashburton",Request timed out
1961,"22 Melrose Road, Allenton, Ashburton",Request timed out
2001,"24 Davidson Street, Allenton, Ashburton",Request timed out
2002,"62 Creek Road, Allenton, Ashburton",Request timed out
2054,"734 Frasers Road, Lagmhor",Request timed out
2058,"87 David Street, Hinds",Request timed out
2059,"439 Springburn Bushside Road, Staveley",Request timed out
2099,"43 Farm Road, Allenton, Ashburton",Request timed out
2116,"104 Belt Road, Allenton, Ashburton",Request timed out
2137,"23 Bridge Street, Rakaia",Request timed out
2179,"254 East Street, Ashburton",Request timed out
2182,"460 Winslow Road, Winslow",Request timed out
2186,"1575 Boltons Road, Carew",Request timed out
2187,"26 Magnolia Drive, Netherby, Ashburton",Request timed out
2245,"63 Pages Road, Allenton, Ashburton",Request timed out
2252,"63 Princes Street, Netherby, Ashburton",Request timed out
2257,"48 Brucefield Avenue, Netherby, Ashburton",Request timed out
2258,"33 Albert Street, Netherby, Ashburton",Request timed out
2300,"11 Walnut Avenue, Allenton, Ashburton",Request timed out
2303,"4/23 Cox Street, Ashburton",Request timed out
2304,"2 Camrose Avenue, Methven",Request timed out
2335,"16 Manchester Street, Tinwald, Ashburton",Request timed out
2363,"30 Pages Road, Allenton, Ashburton",Request timed out
2364,"55 Pages Road, Allenton, Ashburton",Request timed out
2377,"105 Princes Street, Netherby, Ashburton",Request timed out
2418,"165 Harland Street, Tinwald, Ashburton",Request timed out
2424,"35 Grove Street, Tinwald, Ashburton",Request timed out
2427,"159 Harrison Street, Allenton, Ashburton",Request timed out
2436,"17 Moore Street, Ashburton",Request timed out
2438,"22 Havelock Street, Ashburton",Request timed out
2439,"42 Short Street, Ashburton",Request timed out
2441,"15 Catherwood Avenue, Allenton, Ashburton",Request timed out
2452,"73 Grey Street, Ashburton",Request timed out
2463,"2373 Rakaia Barrhill Methven Road, Highbank",Request timed out
2468,"39 Beggs Road, Elgin, Ashburton",Request timed out
2502,"9 Primrose Place, Allenton, Ashburton",Request timed out
2517,"10 Shearer Place, Methven",Request timed out
2527,"145 Harland Street, Tinwald, Ashburton",Request timed out
2533,"73 Grove Street, Tinwald, Ashburton",Request timed out
2537,"20 Miller Avenue, Allenton, Ashburton",Request timed out
2547,"28 Churchill Avenue, Allenton, Ashburton",Request timed out
2563,"7 Digby Place, Allenton, Ashburton",Request timed out
2572,"14 Beach Road East, Elgin, Ashburton",Request timed out
2587,"18 Waymouth Street, Fairton",Request timed out
2590,"10 Coskeries Road, Mayfield",Request timed out
2598,"149 Methven Chertsey Road, Methven",Request timed out
2633,"13 Belt Road, Allenton, Ashburton",Request timed out
2634,"5 Robinson Street, Rakaia",Request timed out
2644,"10 Carr Street, Methven",Request timed out
2672,"115 Harrison Street, Allenton, Ashburton",Request timed out
2682,"35 Cameron Street, Ashburton",Request timed out
2683,"64 Cameron Street, Ashburton",Request timed out
2684,"64 Carters Road, Allenton, Ashburton",Request timed out
2694,"14 Davidson Street, Allenton, Ashburton",Request timed out
2728,"83 McMurdo Street, Tinwald, Ashburton",Request timed out
2735,"263 Hoattens Road, Elgin, Ashburton",Request timed out
2760,"100 Mayfield Klondyke Road, Mayfield",Request timed out
2778,"14 Manchester Street, Tinwald, Ashburton",Request timed out
2795,"244 Racecourse Road, Allenton, Ashburton",Request timed out
2798,"3 Walnut Avenue, Allenton, Ashburton",Request timed out
2807,"15 Highbank Cairnbrae Road, Highbank",Request timed out
2812,"6 Maynard Place, Netherby, Ashburton",Request timed out
2819,"6 Bird Street, Hampstead, Ashburton",Request timed out
2850,"50 Winslow Willowby Road, Winslow",Request timed out
2851,"62 Ocean View Road, Lowcliffe",Request timed out
2874,"227 Rakaia Barrhill Methven Road, Rakaia",Request timed out
2913,"15 Alford Forest Road, Allenton, Ashburton",Request timed out
2914,"19 Oak Grove, Ashburton",Request timed out
2920,"15 Elizabeth Street, Ashburton",Request timed out
2927,"332 Burnett Street, Ashburton",Request timed out
2930,"78 William Street, Ashburton",Request timed out
2944,"43 Cambridge Street, Hampstead, Ashburton",Request timed out
2947,"76 Bremners Road, Netherby, Ashburton",Request timed out
2959,"30 Patton Street, Methven",Request timed out
2966,"7 Farm Road, Allenton, Ashburton",Request timed out
2967,"10 Westpark Close, Allenton, Ashburton",Request timed out
2978,"45 Cridland Street, Rakaia",Request timed out
3025,"84 Grove Street, Tinwald, Ashburton",Request timed out
3029,"114 Alford Forest Road, Allenton, Ashburton",Request timed out
3032,"34 Churchill Avenue, Allenton, Ashburton",Request timed out
3049,"97 Wills Street, Ashburton",Request timed out
3061,"175 Walnut Avenue, Ashburton",Request timed out
3067,"35 Albert Street, Netherby, Ashburton",Request timed out
3069,"115 Taits Road, Newland",Request timed out
3072,"40 Mackie Street, Rakaia",Request timed out
3078,"27 Mayors Road, Staveley",Request timed out
3083,"3344 Ashburton Staveley Road, Staveley",Request timed out
3123,"1060 Frasers Road, Lagmhor",Request timed out
3131,"3 McKerrow Street, Methven",Request timed out
3146,"12 Coniston Drive, Allenton, Ashburton",Request timed out
3147,"167 Middle Road, Allenton, Ashburton",Request timed out
3148,"205 Middle Road, Allenton, Ashburton",Request timed out
3150,"4 Reighton Drive, Allenton, Ashburton",Request timed out
3151,"21 Windsor Street, Allenton, Ashburton",Request timed out
3160,"5 Churchill Avenue, Allenton, Ashburton",Request timed out
3165,"354 Burnett Street, Ashburton",Request timed out
3166,"47 Chalmers Avenue, Hampstead, Ashburton",Request timed out
3179,"127 Trevors Road, Hampstead, Ashburton",Request timed out
3183,"18 Mitchell Place, Netherby, Ashburton",Request timed out
3201,"19 Delamaine Street, Hinds",Request timed out
3258,"27 Chertsey Line Road, Chertsey",Request timed out
3267,"167 Mount Hutt Station Road, Methven",Request timed out
3272,"95A Creek Road, Allenton, Ashburton",Request timed out
3295,"5 MacPhail Place, Methven",Request timed out
3307,"28 Jane Street, Tinwald, Ashburton",Request timed out
3333,"18 Chalmers Avenue, Hampstead, Ashburton",Request timed out
3358,"20 Collins Street, Netherby, Ashburton",Request timed out
3380,"12 Hakatere Drive, Wakanui",Request timed out
3383,"180 Ashburton Staveley Road, Greenstreet",Request timed out
3384,"796 Singletree Road, Pendarves",Request timed out
3391,"55 McMurdo Street, Tinwald, Ashburton",Request timed out
3403,"410 East Street, Ashburton",Request timed out
3408,"317 Havelock Street, Ashburton",Request timed out
3437,"130 Melcombe Street, Tinwald, Ashburton",Request timed out
3446,"83 Grove Street, Tinwald, Ashburton",Request timed out
3447,"169 Middle Road, Allenton, Ashburton",Request timed out
3449,"3 Coniston Drive, Allenton, Ashburton",Request timed out
3454,"50 Havelock Street, Ashburton",Request timed out
3456,"65 Winter Street, Ashburton",Request timed out
3475,"106 Eton Street, Hampstead, Ashburton",Request timed out
3490,"111 Wolseley Road, Rakaia",Request timed out
3496,"87 Allens Road, Allenton, Ashburton",Request timed out
3502,"2 Birchside Lane, Tinwald, Ashburton",Request timed out
3506,"18 Elmwood Grove, Tinwald, Ashburton",Request timed out
3541,"17 Walnut Avenue, Allenton, Ashburton",Request timed out
3549,"22 Cambridge Street, Hampstead, Ashburton",Request timed out
3552,"38 Anne Street, Tinwald, Ashburton",Request timed out
3555,"186 Middle Road, Allenton, Ashburton",Request timed out
3556,"416 Hinds Arundel Road, Hinds",Request timed out
3562,"31 Tucker Street, Allenton, Ashburton",Request timed out
3569,"111 Tarbottons Road, Tinwald, Ashburton",Request timed out
3584,"15 Alington Street, Methven",Request timed out
3585,"66 Racecourse Avenue, Methven",Request timed out
3590,"140 Melcombe Street, Tinwald, Ashburton",Request timed out
3600,"117 Elizabeth Street, Allenton, Ashburton",Request timed out
3610,"102 Cass Street, Ashburton",Request timed out
3611,"106 Cameron Street, Ashburton",Request timed out
3631,"42 Brucefield Avenue, Netherby, Ashburton",Request timed out
3646,"236 Dawsons Road, Eiffelton",Request timed out
3664,"138 Mount Hutt Station Road, Methven",Request timed out
3665,"618 Hinds Arundel Road, Hinds",Request timed out
3677,"328 Methven Chertsey Road, Methven",Request timed out
3678,"18 Charlesworth Drive, Allenton, Ashburton",Request timed out
3690,"24 Morgan Street, Methven",Request timed out
3727,"260 Springfield Road West, Methven",Request timed out
3729,"1775 Methven Highway, Ashburton Forks",Request timed out
3749,"96 Grove Street, Tinwald, Ashburton",Request timed out
3754,"19 Grey Street, Ashburton",Request timed out
3760,"14 Alford Forest Road, Allenton, Ashburton",Request timed out
3761,"17 Wills Street, Ashburton",Request timed out
3768,"23 Catherwood Avenue, Allenton, Ashburton",Request timed out
3771,"116 Cameron Street, Ashburton",Request timed out
3776,"100 Moore Street, Ashburton",Request timed out
3777,"314 Tancred Street, Hampstead, Ashburton",Request timed out
3778,"42 Cass Street, Ashburton",Request timed out
3779,"16 Manse Street, Hampstead, Ashburton",Request timed out
3785,"25 Brucefield Avenue, Netherby, Ashburton",Request timed out
3790,"19 Church Street, Hampstead, Ashburton",Request timed out
3796,"205 Rules Road, Pendarves",Request timed out
3797,"123 Rolleston Street, Rakaia",Request timed out
3803,"15 Hakatere Drive, Wakanui",Request timed out
3806,"157 Wakanui Road, Elgin, Ashburton",Request timed out
3807,"36 Dolma Street, Methven",Request timed out
3811,"27 Hanrahan Street, Allenton, Ashburton",Request timed out
3832,"344 Frasers Road, Tinwald, Ashburton",Request timed out
3833,"24 Davis Crescent, Netherby, Ashburton",Request timed out
3847,"185 Earlys Road, Ashburton Forks",Request timed out
3849,"118 McLennans Bush Road, Pudding Hill",Request timed out
3854,"30 Jackson Street, Methven",Request timed out
3858,"10 McKerrow Street, Methven",Request timed out
3871,"16 Millichamp Street, Tinwald, Ashburton",Request timed out
3881,"58 Farm Road, Allenton, Ashburton",Request timed out
3884,"13 Allens Road, Allenton, Ashburton",Request timed out
3891,"8 Bullock Street, Allenton, Ashburton",Request timed out
3892,"103 Walker Street, Ashburton",Request timed out
3895,"20 Cass Street, Ashburton",Request timed out
3902,"63 Grigg Street, Ashburton",Request timed out
3903,"91 Winter Street, Ashburton",Request timed out
3904,"177 South Street, Hampstead, Ashburton",Request timed out
3907,"141 Hepburns Road, Allenton, Ashburton",Request timed out
3909,"28 Galbraith Street, Allenton, Ashburton",Request timed out
3937,"22 Elizabeth Avenue, Rakaia",Request timed out
3941,"1/93 Walnut Avenue, Allenton, Ashburton",Request timed out
3942,"156A Thomson Street, Tinwald, Ashburton",Request timed out
3961,"322 Tinwald Westerfield Mayfield Road, Tinwald, Ashburton",Request timed out
3967,"13 Maynard Place, Netherby, Ashburton",Request timed out
3996,"173 Main Street, Methven",Request timed out
5601,"9 Bridge Street, Rakaia",Request timed out
5617,"482 Frasers Road, Tinwald, Ashburton",Request timed out
5664,"1033 Boundary Road, Willowby",Request timed out
5665,"101 Mangins Road, Highbank",Request timed out
5710,"94 Creek Road, Allenton, Ashburton",Request timed out
5763,"3A Kermode Street, Ashburton",Request timed out
5764,"27 Geoff Geering Drive, Netherby, Ashburton",Request timed out
5773,"37 Cameron Street, Ashburton",Request timed out
5808,"85 Grove Street, Tinwald, Ashburton",Request timed out
5819,"40 Burnett Street, Ashburton",Request timed out
5869,"14 Manse Place, Hampstead, Ashburton",Request timed out
5870,"34 Dolma Street, Methven",Request timed out
5931,"488 Tinwald Westerfield Mayfield Road, Lagmhor",Request timed out
5937,"160 McMurdo Street, Tinwald, Ashburton",Request timed out
5982,"108 Bowen Street, Rakaia",Request timed out
5983,"103 Dorie School Road, Dorie",Request timed out
6046,"128 Grove Street, Tinwald, Ashburton",Request timed out
6047,"135 Archibald Street, Tinwald, Ashburton",Request timed out
6055,"12 Windsor Street, Allenton, Ashburton",Request timed out
6056,"135 Alford Forest Road, Allenton, Ashburton",Request timed out
6073,"5 Millstream Lane, Allenton, Ashburton",Request timed out
6088,"16 McDonald Street, Netherby, Ashburton",Request timed out
6089,"19 Glassworks Road, Netherby, Ashburton",Request timed out
6090,"99 Taits Road, Newland",Request timed out
6138,"50 David Street, Hinds",Request timed out
6151,"54 Wellington Street, Hampstead, Ashburton",Request timed out
6152,"30 Thomson Street, Tinwald, Ashburton",Request timed out
6196,"31 Cavendish Street, Allenton, Ashburton",Request timed out
6201,"154 Kermode Street, Hampstead, Ashburton",Request timed out
6254,"810 Hinds Arundel Road, Hinds",Request timed out
6301,"16 Buchanan Place, Allenton, Ashburton",Request timed out
6305,"11 Alford Forest Road, Allenton, Ashburton",Request timed out
6306,"13 Cameron Street, Ashburton",Request timed out
6321,"16 McLean Street, Netherby, Ashburton",Request timed out
6363,"541 Ashburton Staveley Road, Greenstreet",Request timed out
6364,"17 Patton Street, Methven",Request timed out
6417,"34 Tucker Street, Allenton, Ashburton",Request timed out
6418,"49 Tucker Street, Allenton, Ashburton",Request timed out
6436,"109 Trevors Road, Hampstead, Ashburton",Request timed out
6465,"11 Walshs Road, Allenton, Ashburton",Request timed out
6467,"14 Camrose Avenue, Methven",Request timed out
6480,"14 Country Place, Allenton, Ashburton",Request timed out
6502,"10 Grove Street, Tinwald, Ashburton",Request timed out
6503,"79 Pattons Road, Mount Somers",Request timed out
6536,"1 Lilley Place, Methven",Request timed out
6537,"24 Alford Street, Methven",Request timed out
6548,"167 Archibald Street, Tinwald, Ashburton",Request timed out
6562,"24 Cross Street, Allenton, Ashburton",Request timed out
6568,"27 Burnett Street, Ashburton",Request timed out
6577,"43 Walnut Avenue, Allenton, Ashburton",Request timed out
6588,"232 Boundary Road, Willowby",Request timed out
6613,"30 Coniston Drive, Allenton, Ashburton",Request timed out
6638,"7 Primrose Place, Allenton, Ashburton",Request timed out
6639,"8A Dunford Street, Rakaia",Request timed out
6641,"117 Archibald Street, Tinwald, Ashburton",Request timed out
6650,"4 Rosedale Lane, Newland",Request timed out
6655,"34 Lampard Street, Methven",Request timed out
6670,"110 Elizabeth Street, Allenton, Ashburton",Request timed out
6675,"104 Allens Road, Allenton, Ashburton",Request timed out
6676,"11 Mason Place, Allenton, Ashburton",Request timed out
6677,"13 Harrison Street, Allenton, Ashburton",Request timed out
6679,"213 West Street, Ashburton",Request timed out
6680,"21 Cox Street, Ashburton",Request timed out
6688,"4 Manse Street, Hampstead, Ashburton",Request timed out
6690,"121 Pages Road, Allenton, Ashburton",Request timed out
6713,"29 Glassworks Road, Netherby, Ashburton",Request timed out
6716,"59 Hakatere Drive, Wakanui",Request timed out
6732,"29 Chertsey Line Road, Chertsey",Request timed out
6737,"15 Main Street, Methven",Request timed out
6741,"118 Tarbottons Road, Tinwald, Ashburton",Request timed out
6742,"4 James Street, Allenton, Ashburton",Request timed out
6743,"22 Bowen Street, Rakaia",Request timed out
6793,"113 Middle Road, Allenton, Ashburton",Request timed out
6794,"12 Williamson Place, Allenton, Ashburton",Request timed out
6795,"22 Cavendish Street, Allenton, Ashburton",Request timed out
6796,"44 Queens Drive, Allenton, Ashburton",Request timed out
6808,"13 McLean Street, Netherby, Ashburton",Request timed out
6826,"103 McLachlans Road, Rakaia",Request timed out
6847,"103 Milton Road South, Elgin, Ashburton",Request timed out
6851,"595 Winters Road, Pendarves",Request timed out
6852,"38 Wills Street, Ashburton",Request timed out
6872,"316 Hinds Arundel Road, Hinds",Request timed out
6889,"14 Carr Street, Methven",Request timed out
6890,"16 Jackson Street, Methven",Request timed out
6905,"77 Thomson Street, Tinwald, Ashburton",Request timed out
6906,"81 Thomson Street, Tinwald, Ashburton",Request timed out
6909,"26 Allens Road, Allenton, Ashburton",Request timed out
6913,"55 Cross Street, Allenton, Ashburton",Request timed out
6932,"53 Cambridge Street, Hampstead, Ashburton",Request timed out
6952,"11 Mayfield Klondyke Road, Mayfield",Request timed out
6954,"31 Pudding Hill Road, Methven",Request timed out
6955,"8 Waterton Point, Huntingdon",Request timed out
6985,"304 Rangitata Terrace Road, Carew",Request timed out
6991,"12 Cameron Street, Methven",Request timed out
6998,"151 Hinds Highway, Tinwald, Ashburton",Request timed out
7000,"9 McKendrys Road, Lauriston",Request timed out
7001,"13 Graham Street, Tinwald, Ashburton",Request timed out
7002,"15 Jane Street, Tinwald, Ashburton",Request timed out
7008,"11 James Street, Allenton, Ashburton",Request timed out
7011,"164 Harrison Street, Allenton, Ashburton",Request timed out
7012,"221 Middle Road, Allenton, Ashburton",Request timed out
7019,"21 Smitheram Street, Allenton, Ashburton",Request timed out
7022,"33 Carters Terrace, Tinwald, Ashburton",Request timed out
7033,"5 Walshs Road, Allenton, Ashburton",Request timed out
7035,"26 Mitchell Place, Netherby, Ashburton",Request timed out
7044,"60 Bridge Street, Netherby, Ashburton",Request timed out
7062,"120 Tinwald Westerfield Mayfield Road, Tinwald, Ashburton",Request timed out
7096,"11 Main Street, Methven",Request timed out
7113,"4 Wills Street, Ashburton",Request timed out
7116,"29 Churchill Avenue, Allenton, Ashburton",Request timed out
7122,"27 Philip Street, Ashburton",Request timed out
7129,"10 Burton Place, Allenton, Ashburton",Request timed out
7137,"121 Cass Street, Ashburton",Request timed out
7141,"22 Church Street, Hampstead, Ashburton",Request timed out
7142,"4 Beatty Crescent, Hampstead, Ashburton",Request timed out
7144,"19 Collins Street, Netherby, Ashburton",Request timed out
7150,"14 Rolleston Street, Rakaia",Request timed out
7183,"70 Belt Road, Allenton, Ashburton",Request timed out
7184,"3/216 Walnut Avenue, Ashburton",Request timed out
7195,"33 Alford Forest Settlement Road, Alford Forest",Request timed out
7197,"21 Colcord Place, Methven",Request timed out
7201,"13 McKerrow Street, Methven",Request timed out
7204,"1 Shearer Street, Tinwald, Ashburton",Request timed out
7228,"191 Burnett Street, Ashburton",Request timed out
7229,"34 Queens Drive, Allenton, Ashburton",Request timed out
7230,"44 Grigg Street, Ashburton",Request timed out
7237,"59 William Street, Ashburton",Request timed out
7240,"12 Burton Place, Allenton, Ashburton",Request timed out
7258,"37 Albert Street, Netherby, Ashburton",Request timed out
7274,"329 Hollands Road, Lagmhor",Request timed out
7279,"18 Country Place, Allenton, Ashburton",Request timed out
7280,"4 Wilkin Street, Tinwald, Ashburton",Request timed out
7281,"16 McGrath Road, Elgin, Ashburton",Request timed out
7282,"32 Ludlow Drive, Huntingdon",Request timed out
7283,"148 Michael Street, Rakaia",Request timed out
7287,"35A Wakanui Road, Hampstead, Ashburton",Request timed out
7301,"110 East Street, Ashburton",Request timed out
7314,"16 Magnolia Drive, Netherby, Ashburton",Request timed out
7320,"140 Ashburton Gorge Road, Mount Somers",Request timed out
7338,"13 James Street, Allenton, Ashburton",Request timed out
7342,"50 Grove Street, Tinwald, Ashburton",Request timed out
7344,"160 Harrison Street, Allenton, Ashburton",Request timed out
7357,"94 Walker Street, Ashburton",Request timed out
7379,"30 Grey Street, Ashburton",Request timed out
7392,"6 McDonald Street, Netherby, Ashburton",Request timed out
7411,"16 Grove Street, Tinwald, Ashburton",Request timed out
7417,"1349 Dromore Hatfield Road, Hatfield",Request timed out
7445,"114 Wilkins Road, Tinwald, Ashburton",Request timed out
7450,"14 Cameron Street, Methven",Request timed out
7451,"48 Lampard Street, Methven",Request timed out
7452,"6 Cushmor Drive, Methven",Request timed out
7453,"1873 Methven Highway, Ashburton Forks",Request timed out
7456,"179 Main Street, Methven",Request timed out
7459,"362 Mill Road, Westerfield",Request timed out
7462,"103 Mangins Road, Highbank",Request timed out
7494,"8 Woods Street, Allenton, Ashburton",Request timed out
7501,"64 Wellington Street, Hampstead, Ashburton",Request timed out
7522,"20 Wayne Place, Methven",Request timed out
7534,"42 Buchans Road, Greenstreet",Request timed out
7566,"2 Anzac Lane, Methven",Request timed out
7567,"100 Lyndhurst Road, Lauriston",Request timed out
7568,"101 McMurdo Street, Tinwald, Ashburton",Request timed out
7569,"132 Thomson Street, Tinwald, Ashburton",Request timed out
7575,"46 Wilkins Road, Tinwald, Ashburton",Request timed out
7581,"102 Elizabeth Street, Allenton, Ashburton",Request timed out
7583,"29 Miller Avenue, Allenton, Ashburton",Request timed out
7585,"14 Wills Street, Ashburton",Request timed out
7595,"29 Belt Road, Allenton, Ashburton",Request timed out
7598,"112 Wills Street, Ashburton",Request timed out
7599,"115 Cameron Street, Ashburton",Request timed out
7606,"33 Chalmers Avenue, Hampstead, Ashburton",Request timed out
7614,"18 Princes Street, Netherby, Ashburton",Request timed out
7615,"30 Aitken Street, Ashburton",Request timed out
7617,"20 Wakanui Road, Hampstead, Ashburton",Request timed out
7666,"151 Wrens Road, Coldstream",Request timed out
7679,"205 Tindalls Road, Westerfield",Request timed out
7680,"277 Hinds Lismore Road, Hinds",Request timed out
7693,"2 Graham Street, Tinwald, Ashburton",Request timed out
7709,"193 Burnett Street, Ashburton",Request timed out
7712,"17 Willow Street, Hampstead, Ashburton",Request timed out
7715,"41 William Street, Ashburton",Request timed out
7725,"25 Church Street, Hampstead, Ashburton",Request timed out
7732,"136 Wakanui Road, Elgin, Ashburton",Request timed out
7735,"20 Wilkinsons Road, Chertsey",Request timed out
7738,"80 Cridland Street, Rakaia",Request timed out
7753,"348 Maronan Ealing Road, Ealing",Request timed out
7760,"16 Mitcham Road, Allenton, Ashburton",Request timed out
7764,"25 Braebrook Drive, Netherby, Ashburton",Request timed out
7768,"150 Racecourse Road, Allenton, Ashburton",Request timed out
7777,"138 Hollands Road, Tinwald, Ashburton",Request timed out
7778,"256 Maronan Ealing Road, Ealing",Request timed out
7781,"24 Chertsey Kyle Road, Chertsey",Request timed out
7786,"197 Wills Street, Ashburton",Request timed out
7792,"17 South Town Belt, Rakaia",Request timed out
7799,"26 Havelock Street, Ashburton",Request timed out
7807,"2 Ashford Avenue, Newland",Request timed out
7827,"777 Coskeries Road, Ruapuna",Request timed out
7855,"14 Chapman Street, Methven",Request timed out
7863,"164 Rooneys Road, Winchmore",Request timed out
7868,"40 Anne Street, Tinwald, Ashburton",Request timed out
7878,"16 Andrew Street, Allenton, Ashburton",Request timed out
7880,"48 Cross Street, Allenton, Ashburton",Request timed out
7883,"18 Cameron Street, Ashburton",Request timed out
7885,"33 Grigg Street, Ashburton",Request timed out
7886,"46 Wills Street, Ashburton",Request timed out
7889,"14 Cass Street, Ashburton",Request timed out
7894,"11 Bridge Street, Netherby, Ashburton",Request timed out
7905,"31 Cambridge Street, Hampstead, Ashburton",Request timed out
7906,"121 Trevors Road, Hampstead, Ashburton",Request timed out
7913,"357 Beach Road East, Elgin, Ashburton",Request timed out
7938,"6 Nugent Street, Hinds",Request timed out
7939,"46 Gray Street, Hinds",Request timed out
7968,"132 Hekeao Road, Surrey Hills",Request timed out
7975,"50 McNeills Road, Methven",Request timed out
7986,"18 McDonald Street, Methven",Request timed out
7991,"122 Thomson Street, Tinwald, Ashburton",Request timed out
7995,"38 Bryant Street, Tinwald, Ashburton",Request timed out
7998,"173 Grove Street, Tinwald, Ashburton",Request timed out
105,"13 Collins Street, Netherby, Ashburton ",Request time out
106,"27 Porter Street, Netherby, Ashburton ",Request time out
144,"3 Ellis Street, Hinds ",Request time out
175,"30 Montgomerys Road, Willowby ",Request time out
230,"460 Boundary Road, Willowby ",Request time out
231,"15 Buccleugh Street, Mount Somers ",Request time out
246,"412 Barnswood Road, Carew ",Request time out
335,"31 Brucefield Avenue, Netherby, Ashburton ",Request time out
348,"70 Orrs Road, Lauriston ",Request time out
451,"71 Cameron Street, Ashburton ",Request time out
471,"33 Hanrahans Road, Dromore ",Request time out
526,"14 Bryant Street, Tinwald, Ashburton ",Request time out
545,"55 Farm Road, Allenton, Ashburton ",Request time out
592,"73 Fergusson Street, Rakaia ",Request time out
638,"11 McKee Place, Hampstead, Ashburton ",Request time out
649,"35 Chatmos Road, Willowby ",Request time out
658,"70 George Street, Tinwald, Ashburton ",Request time out
668,"21 Buchanan Place, Allenton, Ashburton ",Request time out
676,"11 McElrea Place, Allenton, Ashburton ",Request time out
693,"5 Kerr Street, Netherby, Ashburton ",Request time out
706,"282 River Road, Elgin, Ashburton ",Request time out
707,"76 Mackies Road, Mitcham ",Request time out
779,"23 Wilkin Street, Tinwald, Ashburton ",Request time out
780,"28 Carters Terrace, Tinwald, Ashburton ",Request time out
788,"15 Reid Crescent, Allenton, Ashburton ",Request time out
829,"44 Albert Street, Netherby, Ashburton ",Request time out
847,"13 Wayne Place, Methven ",Request time out
850,"18 Coniston Drive, Allenton, Ashburton ",Request time out
898,"128 Middle Road, Allenton, Ashburton ",Request time out
905,"22 Burnett Street, Ashburton ",Request time out
906,"2 South Street, Ashburton ",Request time out
913,"28 Cass Street, Ashburton ",Request time out
934,"149 Trevors Road, Hampstead, Ashburton ",Request time out
941,"166 Hardys Road, Rakaia ",Request time out
951,"36 Braebrook Drive, Netherby, Ashburton ",Request time out
963,"5 Waterton Point, Huntingdon ",Request time out
971,"35 Comyns Street, Mount Somers ",Request time out
973,"250 Fords Road, Willowby ",Request time out
988,"23 Colcord Place, Methven ",Request time out
999,"173 Harland Street, Tinwald, Ashburton ",Request time out
1000,"11 Millichamp Street, Tinwald, Ashburton ",Request time out
1002,"44 Nursery Drive, Tinwald, Ashburton ",Request time out
1012,"14 Woodham Drive, Allenton, Ashburton ",Request time out
1023,"14 Charlesworth Drive, Allenton, Ashburton ",Request time out
1027,"34 Robinson Street, Ashburton ",Request time out
1066,"762 Beach Road East, Wakanui ",Request time out
1076,"19 Chelsea Lane, Newland ",Request time out
1081,"41 Hakatere Drive, Wakanui ",Request time out
1112,"21 Catherine Street, Tinwald, Ashburton ",Request time out
1120,"40 Thomson Street, Tinwald, Ashburton ",Request time out
1153,"11 Cambridge Street, Hampstead, Ashburton ",Request time out
1176,"90 Rakaia Terrace, Rakaia ",Request time out
1212,"25 Russell Avenue, Allenton, Ashburton ",Request time out
1213,"3 Kermode Street, Ashburton ",Request time out
1214,"139 Peters Street, Hinds ",Request time out
1215,"280A Moore Street, Ashburton ",Request time out
1216,"184 East Street, Ashburton ",Request time out
1238,"26 Alford Street, Methven ",Request time out
1250,"40 Catherine Street, Tinwald, Ashburton ",Request time out
1256,"12 Allens Road, Allenton, Ashburton ",Request time out
1260,"114 Allens Road, Allenton, Ashburton ",Request time out
1281,"13 Albert Street, Netherby, Ashburton ",Request time out
1294,"7 Elizabeth Avenue, Rakaia ",Request time out
1328,"20 Watson Street, Ashburton ",Request time out
1350,"194 Main Street, Methven ",Request time out
1354,"396 Marrs Road, Highbank ",Request time out
1367,"152 Gartartan Road, Willowby ",Request time out
1379,"35 Carters Terrace, Tinwald, Ashburton ",Request time out
1383,"56 Wills Street, Ashburton ",Request time out
1395,"17 Church Street, Hampstead, Ashburton ",Request time out
1399,"15 Mitchell Place, Netherby, Ashburton ",Request time out
1401,"29 Bridge Street, Netherby, Ashburton ",Request time out
1403,"155 Trevors Road, Hampstead, Ashburton ",Request time out
1413,"265 Mount Hutt Station Road, Methven ",Request time out
1417,"12 Waterton Point, Huntingdon ",Request time out
1419,"23 Coniston Drive, Allenton, Ashburton ",Request time out
1428,"171 Woods Road, Highbank ",Request time out
1448,"33 Grey Street, Ashburton ",Request time out
1457,"16 McCrorys Road, Pendarves ",Request time out
1470,"46 Forest Drive, Methven ",Request time out
1471,"62 Maronan Road, Tinwald, Ashburton ",Request time out
1479,"2 Maple Lane, Tinwald, Ashburton ",Request time out
1488,"12 Alford Forest Road, Allenton, Ashburton ",Request time out
1489,"11 Cavendish Street, Allenton, Ashburton ",Request time out
1514,"286 Mitcham Road, Mitcham ",Request time out
1530,"21 Waymouth Street, Fairton ",Request time out
1566,"258 Mayfield Valetta Road, Mayfield ",Request time out
1568,"22 Magnolia Drive, Netherby, Ashburton ",Request time out
1569,"1572 Thompsons Track, Mitcham ",Request time out
1592,"180 Harland Street, Tinwald, Ashburton ",Request time out
1599,"25 Manchester Street, Tinwald, Ashburton ",Request time out
1624,"50 Chalmers Avenue, Hampstead, Ashburton ",Request time out
4027,"29 Grove Farm Road, Tinwald, Ashburton ",Request time out
4045,"134 Chalmers Avenue, Hampstead, Ashburton ",Request time out
4055,"106 Chertsey Kyle Road, Chertsey ",Request time out
4090,"10 Millibrook Place, Tinwald, Ashburton ",Request time out
4114,"48 Braebrook Drive, Netherby, Ashburton ",Request time out
4115,"3 Magnolia Drive, Netherby, Ashburton ",Request time out
4235,"57 David Street, Hinds ",Request time out
4236,"91 Allens Road, Allenton, Ashburton ",Request time out
4295,"79 McMurdo Street, Tinwald, Ashburton ",Request time out
4347,"315B Tancred Street, Hampstead, Ashburton ",Request time out
4360,"34 Harrison Street, Allenton, Ashburton ",Request time out
4409,"26 Melcombe Street, Tinwald, Ashburton ",Request time out
4419,"10 Middle Road, Allenton, Ashburton ",Request time out
4431,"8 William Street, Ashburton ",Request time out
4456,"457 Dromore Methven Road, Mitcham ",Request time out
4489,"17 Kermode Street, Ashburton ",Request time out
4537,"19 Jordan Avenue, Tinwald, Ashburton ",Request time out
4543,"168 Harrison Street, Allenton, Ashburton ",Request time out
4564,"5 Woods Street, Allenton, Ashburton ",Request time out
4588,"120 Storriers Road, Coldstream ",Request time out
4589,"279 Racecourse Road, Allenton, Ashburton ",Request time out
4596,"15 Farm Road, Allenton, Ashburton ",Request time out
4623,"51 Withells Road, Ealing ",Request time out
4633,"139 Main Street, Methven ",Request time out
4654,"10 Charles Street, Allenton, Ashburton ",Request time out
4666,"49 Grigg Street, Ashburton ",Request time out
4705,"173 Springfield Road West, Methven ",Request time out
4710,"87 Main Street, Methven ",Request time out
4738,"8 Wills Street, Ashburton ",Request time out
4754,"14 Wakanui Road, Hampstead, Ashburton ",Request time out
4759,"80 Peter Street, Ashburton ",Request time out
4819,"43 Spaxton Street, Methven ",Request time out
4844,"23 Burnett Street, Ashburton ",Request time out
4862,"77 Cox Street, Ashburton ",Request time out
4864,"135 Trevors Road, Hampstead, Ashburton ",Request time out
4905,"3 Westpark Close, Allenton, Ashburton ",Request time out
4921,"14 Alma Place, Methven ",Request time out
4932,"221 Drain Road, Lowcliffe ",Request time out
4937,"59 Allen Street, Methven ",Request time out
4940,"10 Lampard Street, Methven ",Request time out
4966,"12 Balmoral Place, Allenton, Ashburton ",Request time out
4984,"14 Catherwood Avenue, Allenton, Ashburton ",Request time out
4985,"16 Hillier Place, Allenton, Ashburton ",Request time out
4991,"112 William Street, Ashburton ",Request time out
5013,"38 Havelock Street, Ashburton ",Request time out
5052,"1071 Hinds Lismore Road, Lismore ",Request time out
5053,"5 Pyes Road, Lowcliffe ",Request time out
5058,"26 Cameron Street, Methven ",Request time out
5073,"38 Jordan Avenue, Tinwald, Ashburton ",Request time out
5080,"12 Baker Street, Allenton, Ashburton ",Request time out
5131,"11A Main Street, Methven ",Request time out
5144,"33 Winslow Westerfield Road, Winslow ",Request time out
5150,"136 McMurdo Street, Tinwald, Ashburton ",Request time out
5169,"71 Lanz Vale Lane, Huntingdon ",Request time out
5181,"386 Maronan Road, Winslow ",Request time out
5183,"223 Maronan Road, Tinwald, Ashburton ",Request time out
5194,"126 Middle Road, Allenton, Ashburton ",Request time out
5195,"143 Middle Road, Allenton, Ashburton ",Request time out
5196,"6 Bathurst Street, Allenton, Ashburton ",Request time out
5197,"92 Harrison Street, Allenton, Ashburton ",Request time out
5198,"30 Wills Street, Ashburton ",Request time out
5200,"172 Highbank School Road, Highbank ",Request time out
5212,"67 Cameron Street, Ashburton ",Request time out
5214,"16 Beach Road, Hampstead, Ashburton ",Request time out
5218,"30 Catherwood Avenue, Allenton, Ashburton ",Request time out
5224,"3 Kitchener Street, Netherby, Ashburton ",Request time out
5236,"68 Bridge Street, Netherby, Ashburton ",Request time out
5237,"159 Trevors Road, Hampstead, Ashburton ",Request time out
5248,"69 Winslow Willowby Road, Winslow ",Request time out
5254,"52 Charlesworth Drive, Allenton, Ashburton ",Request time out
5271,"163 Rakaia Barrhill Methven Road, Rakaia ",Request time out
5283,"16 Cambridge Street, Hampstead, Ashburton ",Request time out
5284,"89 Stonylea Road, Lismore ",Request time out
5290,"64 Harrison Street, Allenton, Ashburton ",Request time out
5336,"33 Dobson Street West, Ashburton ",Request time out
5339,"11 Harrison Street, Allenton, Ashburton ",Request time out
5341,"19 Harrison Street, Allenton, Ashburton ",Request time out
5387,"20B Aitken Street, Ashburton ",Request time out
5400,"810B Ealing Road, Coldstream ",Request time out
5415,"125 Peters Road, Surrey Hills ",Request time out
5422,"104 Winslow Willowby Road, Willowby ",Request time out
5429,"149 Methven Highway, Allenton, Ashburton ",Request time out
5444,"73 Burnett Street, Ashburton ",Request time out
5446,"256 Moore Street, Ashburton ",Request time out
5448,"36 William Street, Ashburton ",Request time out
5449,"44 Chalmers Avenue, Hampstead, Ashburton ",Request time out
5453,"111 Belt Road, Allenton, Ashburton ",Request time out
5454,"17 Hillier Place, Allenton, Ashburton ",Request time out
5493,"36 Coniston Drive, Allenton, Ashburton ",Request time out
5498,"33 Christys Road, Wakanui ",Request time out
5511,"52A Melcombe Street, Tinwald, Ashburton ",Request time out
5534,"75 Racecourse Avenue, Methven ",Request time out
5564,"98 Elizabeth Street, Allenton, Ashburton ",Request time out
5566,"25 Oak Grove, Ashburton ",Request time out
5585,"20 Brucefield Avenue, Netherby, Ashburton ",Request time out
8044,"11 Mackie Street, Rakaia ",Request time out
8119,"42 Jordan Avenue, Tinwald, Ashburton ",Request time out
8143,"10 Kelvin Crescent, Allenton, Ashburton ",Request time out
8170,"31 Reed Street, Hinds ",Request time out
8172,"4 Millibrook Place, Tinwald, Ashburton ",Request time out
8173,"114 Hepburns Road, Allenton, Ashburton ",Request time out
8249,"24 Alford Forest Road, Allenton, Ashburton ",Request time out
8250,"27 Allens Road, Allenton, Ashburton ",Request time out
8305,"1172 Maronan Road, Maronan ",Request time out
8314,"16 Orchard Grove, Netherby, Ashburton ",Request time out
8315,"23 Davidson Street, Allenton, Ashburton ",Request time out
8359,"11 Miller Avenue, Allenton, Ashburton ",Request time out
8373,"57 William Street, Ashburton ",Request time out
8374,"33 Suffolk Street, Hampstead, Ashburton ",Request time out
8446,"308 Dawsons Road, Eiffelton ",Request time out
8447,"265 Lambies Road, Pendarves ",Request time out
8483,"119 Moore Street, Ashburton ",Request time out
8489,"44 Cass Street, Ashburton ",Request time out
8494,"34 Catherwood Avenue, Allenton, Ashburton ",Request time out
8495,"85 Pages Road, Allenton, Ashburton ",Request time out
8553,"467 Reynolds Road, Methven ",Request time out
8610,"13 Cavendish Street, Allenton, Ashburton ",Request time out
8611,"19 Cavendish Street, Allenton, Ashburton ",Request time out
8627,"28 Grey Street, Ashburton ",Request time out
8644,"149 Coplands Road, Dromore ",Request time out
8646,"119 Mainwarings Road, Rakaia ",Request time out
8653,"23 Hanrahan Street, Allenton, Ashburton ",Request time out
8661,"155 Flynns Road, Staveley ",Request time out
8667,"765 Surveyors Road, Hinds ",Request time out
8668,"49 Manchester Street, Tinwald, Ashburton ",Request time out
8678,"116 Main Street, Methven ",Request time out
8701,"24 Alington Street, Methven ",Request time out
8727,"28 Allens Road, Allenton, Ashburton ",Request time out
8728,"2 Cross Street, Allenton, Ashburton ",Request time out
8748,"11 Manse Street, Hampstead, Ashburton ",Request time out
8769,"36 Charlesworth Drive, Allenton, Ashburton ",Request time out
8781,"3 Country Place, Allenton, Ashburton ",Request time out
8785,"11 Millibrook Place, Tinwald, Ashburton ",Request time out
8791,"275 Cracroft Maronan Road, Lismore ",Request time out
8792,"28A Alington Street, Methven ",Request time out
8829,"12 Ferrier Place, Tinwald, Ashburton ",Request time out
8844,"25 Robinson Street, Ashburton ",Request time out
8865,"107 Creek Road, Allenton, Ashburton ",Request time out
8901,"877 Stanley Road, Elgin, Ashburton ",Request time out
8902,"39 Tavendale Road, Winchmore ",Request time out
8946,"48 Bells Road, Eiffelton ",Request time out
8965,"191 Middle Road, Allenton, Ashburton ",Request time out
8976,"24 Churchill Avenue, Allenton, Ashburton ",Request time out
8991,"26 Kitchener Street, Netherby, Ashburton ",Request time out
9009,"21 Mayfield Klondyke Road, Mayfield ",Request time out
9013,"141 Hobbs Road, Methven ",Request time out
9014,"16 Waterton Point, Huntingdon ",Request time out
9025,"266 Mt Hutt Skifield Road, Mount Hutt ",Request time out
9035,"10 Moore Street, Ashburton ",Request time out
9044,"5 McKee Place, Hampstead, Ashburton ",Request time out
9052,"7 Alford Street, Methven ",Request time out
9067,"7 Ferrier Place, Tinwald, Ashburton ",Request time out
9068,"10 Maple Lane, Tinwald, Ashburton ",Request time out
9071,"24 Allison Street, Allenton, Ashburton ",Request time out
9072,"29 Alford Forest Road, Allenton, Ashburton ",Request time out
9078,"7 Cameron Street, Ashburton ",Request time out
9109,"235 Dromore Methven Road, Mitcham ",Request time out
9113,"26 Michael Street, Rakaia ",Request time out
9119,"113 Taits Road, Newland ",Request time out
9154,"52 Braebrook Drive, Netherby, Ashburton ",Request time out
9168,"34 Cracroft Street, Hinds ",Request time out
9178,"100 McMurdo Street, Tinwald, Ashburton ",Request time out
9191,"21 Thomson Street, Tinwald, Ashburton ",Request time out
9192,"89 Grove Street, Tinwald, Ashburton ",Request time out
9198,"11 Bullock Street, Allenton, Ashburton ",Request time out
9224,"140 Cass Street, Ashburton ",Request time out
9236,"62 Suffolk Street, Hampstead, Ashburton ",Request time out
9243,"31 Albert Street, Netherby, Ashburton ",Request time out
9260,"199 Smithfield Road, Elgin, Ashburton ",Request time out
9287,"174 Cameron Street, Ashburton ",Request time out
9303,"3 Fechneys Road, Westerfield ",Request time out
9304,"779 Hinds Highway, Winslow ",Request time out
9306,"11 Chapman Street, Methven ",Request time out
9317,"116 Melcombe Street, Tinwald, Ashburton ",Request time out
9320,"34 Catherine Street, Tinwald, Ashburton ",Request time out
9328,"11 Buchanan Place, Allenton, Ashburton ",Request time out
9335,"102 Middle Road, Allenton, Ashburton ",Request time out
9336,"10 Mason Place, Allenton, Ashburton ",Request time out
9342,"10 Mona Square, Ashburton ",Request time out
9351,"192 Chalmers Avenue, Hampstead, Ashburton ",Request time out
9353,"15 Church Street, Hampstead, Ashburton ",Request time out
9363,"132 Woods Road, Highbank ",Request time out
9377,"58 Hakatere Drive, Wakanui ",Request time out
9421,"10 Morgan Street, Methven ",Request time out
9422,"11 Blackford Street, Methven ",Request time out
9435,"40 Bryant Street, Tinwald, Ashburton ",Request time out
9450,"16 Charles Street, Allenton, Ashburton ",Request time out
9468,"57 Eton Street, Hampstead, Ashburton ",Request time out
9482,"29 Elizabeth Avenue, Rakaia ",Request time out
9486,"11 Carters Road, Allenton, Ashburton ",Request time out
9512,"11 Catherwood Close, Allenton, Ashburton ",Request time out
9533,"545B Awaroa School Road, Dorie ",Request time out
9547,"6 Shearer Place, Methven ",Request time out
9551,"141 McMurdo Street, Tinwald, Ashburton ",Request time out
9552,"34 Bryant Street, Tinwald, Ashburton ",Request time out
9566,"66 Harrison Street, Allenton, Ashburton ",Request time out
9573,"12 McNicol Crescent, Allenton, Ashburton ",Request time out
9576,"74 Cameron Street, Ashburton ",Request time out
9586,"26 Cass Street, Ashburton ",Request time out
9602,"58 Brucefield Avenue, Netherby, Ashburton ",Request time out
9613,"116 Rolleston Street, Rakaia ",Request time out
9614,"39 Fairfield Avenue, Fairton ",Request time out
9618,"4 Robert Street, Hinds ",Request time out
9622,"51 Hakatere Drive, Wakanui ",Request time out
9624,"290 Bebbingtons Road, Mitcham ",Request time out
9626,"105 Dromore Station Road, Dromore ",Request time out
9627,"10 Maldon Street, Chertsey ",Request time out
9635,"25 Walnut Avenue, Allenton, Ashburton ",Request time out
9684,"12 Mitchell Place, Netherby, Ashburton ",Request time out
9686,"491 West Street, Allenton, Ashburton ",Request time out
9695,"11 Collins Street, Netherby, Ashburton ",Request time out
9696,"115 Accommodation Road, Barrhill ",Request time out
9701,"36 Martins Road, Rakaia ",Request time out
9702,"124 Michael Street, Rakaia ",Request time out
9731,"18 Millibrook Place, Tinwald, Ashburton ",Request time out
9732,"16 Witney Lane, Huntingdon ",Request time out
9736,"39 Corbetts Road North, Dorie ",Request time out
9766,"14 Wilkin Street, Tinwald, Ashburton ",Request time out
9767,"54 Grove Street, Tinwald, Ashburton ",Request time out
9768,"55 Archibald Street, Tinwald, Ashburton ",Request time out
9770,"85 Allens Road, Allenton, Ashburton ",Request time out
9813,"13 Gray Street, Hinds ",Request time out
9829,"1026 Moorhouse Road, Ruapuna ",Request time out
9835,"23 Wayne Place, Methven ",Request time out
9836,"33 Braebrook Drive, Netherby, Ashburton ",Request time out
9842,"70 Rakaia Terrace, Rakaia ",Request time out
9845,"14 Trent Place, Huntingdon ",Request time out
9885,"11 Windsor Street, Allenton, Ashburton ",Request time out
9893,"52 Allens Road, Allenton, Ashburton ",Request time out
9896,"38 Grigg Street, Ashburton ",Request time out
9914,"10 King Street, Netherby, Ashburton ",Request time out
9944,"171A Grove Street, Tinwald, Ashburton ",Request time out
9945,"117A Bowen Street, Rakaia ",Request time out
9950,"5 Wills Street, Ashburton ",Request time out
9957,"5 Lismore Mayfield Road, Mayfield ",Request time out
9962,"11 Alma Place, Methven ",Request time out
9972,"20 Charlesworth Drive, Allenton, Ashburton ",Request time out
9985,"19 Carr Street, Methven ",Request time out
9987,"21 Carr Street, Methven ",Request time out
9997,"179 Harrison Street, Allenton, Ashburton ",Request time out
10006,"18 Cass Street, Ashburton ",Request time out
10015,"18 Beach Road, Hampstead, Ashburton ",Request time out
10036,"66 Albert Street, Netherby, Ashburton ",Request time out
10038,"17 Works Road, Fairton ",Request time out
10048,"38 Winslow Willowby Road, Winslow ",Request time out
10049,"13 Magnolia Drive, Netherby, Ashburton ",Request time out
10058,"11 Fairfield Road West, Fairton ",Request time out
10061,"103 Peters Street, Hinds ",Request time out
10077,"12 Moore Street, Ashburton ",Request time out
10090,"27 Cameron Street, Methven ",Request time out
10091,"34 Allen Street, Methven ",Request time out
10103,"118 Melcombe Street, Tinwald, Ashburton ",Request time out
10118,"28 Miller Avenue, Allenton, Ashburton ",Request time out
10122,"25 Grigg Street, Ashburton ",Request time out
10124,"33 Havelock Street, Ashburton ",Request time out
10134,"105 Walnut Avenue, Allenton, Ashburton ",Request time out
10172,"11 Magnolia Drive, Netherby, Ashburton ",Request time out
10175,"5 West Town Belt, Rakaia ",Request time out
10176,"22 Waterford Place, Tinwald, Ashburton ",Request time out
10182,"38 Gray Street, Hinds ",Request time out
10183,"5 David Street, Hinds ",Request time out
10187,"23 Carters Terrace, Tinwald, Ashburton ",Request time out
10190,"249 Hollands Road, Tinwald, Ashburton ",Request time out
10198,"23 Franks Road, Lauriston ",Request time out
10217,"47 Mayfield Klondyke Road, Mayfield ",Request time out
10233,"163 Thomson Street, Tinwald, Ashburton ",Request time out
10241,"73 Buckleys Terrace, Tinwald, Ashburton ",Request time out
10242,"29 Carters Terrace, Tinwald, Ashburton ",Request time out
10248,"82 Thomson Street, Tinwald, Ashburton ",Request time out
10254,"74 Allens Road, Allenton, Ashburton ",Request time out
10286,"379 Terrace Road, Ashton ",Request time out
10309,"23 Wards Road, Chertsey ",Request time out
10316,"15 MacPhail Place, Methven ",Request time out
10317,"93 Allens Road, Allenton, Ashburton ",Request time out
10322,"80 Maldon Street, Chertsey ",Request time out
10327,"28 Cambridge Street, Hampstead, Ashburton ",Request time out
10335,"167 Ruapuna School Road, Ruapuna ",Request time out
10337,"34 Wakanui Beach Road, Wakanui ",Request time out
10343,"106 Blackford Road, Mount Hutt ",Request time out
10344,"27 Alford Street, Methven ",Request time out
10345,"30 Chapman Street, Methven ",Request time out
10352,"105 McMurdo Street, Tinwald, Ashburton ",Request time out
10353,"107 George Street, Tinwald, Ashburton ",Request time out
10354,"122 McMurdo Street, Tinwald, Ashburton ",Request time out
10356,"28 Graham Street, Tinwald, Ashburton ",Request time out
10358,"46 Catherine Street, Tinwald, Ashburton ",Request time out
10359,"171 Harrison Street, Allenton, Ashburton ",Request time out
10368,"120 Alford Forest Road, Allenton, Ashburton ",Request time out
10375,"24 Cameron Street, Ashburton ",Request time out
10376,"2 East Street, Ashburton ",Request time out
10386,"14 Pages Road, Allenton, Ashburton ",Request time out
10394,"24 Albert Street, Netherby, Ashburton ",Request time out
10395,"10 Church Street, Hampstead, Ashburton ",Request time out
10402,"43 Davis Crescent, Netherby, Ashburton ",Request time out
10403,"58 Bridge Street, Netherby, Ashburton ",Request time out
10406,"12 Milton Road South, Elgin, Ashburton ",Request time out
10426,"21 Braebrook Drive, Netherby, Ashburton ",Request time out
10427,"26 Braebrook Drive, Netherby, Ashburton ",Request time out
10431,"3 Pattons Road, Mount Somers ",Request time out
10434,"32 Laings Road, Tinwald, Ashburton ",Request time out
10445,"9 Shearman Street, Tinwald, Ashburton ",Request time out
10448,"19 Lauriston Barrhill Road, Lauriston ",Request time out
10449,"24 Grey Street, Ashburton ",Request time out
10454,"14 Lake View Terrace, Huntingdon ",Request time out
10455,"291 Ruapuna School Road, Ruapuna ",Request time out
10470,"529 Maronan Road, Winslow ",Request time out
10471,"365 Springfield Road East, Lauriston ",Request time out
10473,"19 Maronan Road, Tinwald, Ashburton ",Request time out
10474,"26 Bryant Street, Tinwald, Ashburton ",Request time out
10478,"24 Graham Street, Tinwald, Ashburton ",Request time out
10480,"26 Carters Terrace, Tinwald, Ashburton ",Request time out
10482,"105 Grahams Road, Tinwald, Ashburton ",Request time out
10489,"26 Buchanan Place, Allenton, Ashburton ",Request time out
10496,"16 Cass Street, Ashburton ",Request time out
10502,"14 Middle Road, Allenton, Ashburton ",Request time out
10508,"103 South Street, Ashburton ",Request time out
10517,"26 Davidson Street, Allenton, Ashburton ",Request time out
10520,"138 Cass Street, Ashburton ",Request time out
10528,"11 McDonald Street, Netherby, Ashburton ",Request time out
10531,"226 Cochranes Road, Elgin, Ashburton ",Request time out
10555,"189 Hamptons Road, Pendarves ",Request time out
10556,"106 Smithfield Road, Elgin, Ashburton ",Request time out
10562,"87 Mitcham Road, Allenton, Ashburton ",Request time out
10567,"15 McNally Street, Ashburton ",Request time out
10571,"10 Mayfield Klondyke Road, Mayfield ",Request time out
10587,"18 Catherine Street, Tinwald, Ashburton ",Request time out
10591,"19 Waterford Place, Tinwald, Ashburton ",Request time out
10592,"10 Alton Place, Allenton, Ashburton ",Request time out
10606,"194 Winslow Willowby Road, Willowby ",Request time out
10611,"123 Thomson Street, Tinwald, Ashburton ",Request time out
10617,"72 Harland Street, Tinwald, Ashburton ",Request time out
10618,"154 Harrison Street, Allenton, Ashburton ",Request time out
10620,"33 Reighton Drive, Allenton, Ashburton ",Request time out
10622,"20 Allison Street, Allenton, Ashburton ",Request time out
10644,"32 Oxford Street, Hampstead, Ashburton ",Request time out
10645,"6 Wakanui Road, Hampstead, Ashburton ",Request time out
10667,"11 Fairfield Road, Fairton ",Request time out
10671,"65 Grayburn Road, Elgin, Ashburton ",Request time out
10672,"175 Smithfield Road, Elgin, Ashburton ",Request time out
10681,"15 Wisteria Place, Tinwald, Ashburton ",Request time out
10693,"25 Allens Road, Allenton, Ashburton ",Request time out
10694,"2 Woollen Mills Drive, Allenton, Ashburton ",Request time out
10700,"17 Wakelins Road, Winchmore ",Request time out
10709,"4927 Arundel Rakaia Gorge Road, Alford Forest ",Request time out
10714,"19 Alington Street, Methven ",Request time out
10715,"16 Allen Street, Methven ",Request time out
10729,"13 Lagmhor Road, Tinwald, Ashburton ",Request time out
10731,"175 Thomson Street, Tinwald, Ashburton ",Request time out
10753,"11 Davidson Street, Allenton, Ashburton ",Request time out
10754,"11 Churchill Avenue, Allenton, Ashburton ",Request time out
10756,"15 Balmoral Place, Allenton, Ashburton ",Request time out
10759,"103 Park Street, Ashburton ",Request time out
10760,"25 Peter Street, Ashburton ",Request time out
10764,"11 Kerr Street, Netherby, Ashburton ",Request time out
10765,"125 William Street, Ashburton ",Request time out
10770,"6 Beatty Crescent, Hampstead, Ashburton ",Request time out
10773,"46 Brucefield Avenue, Netherby, Ashburton ",Request time out
10775,"145 Trevors Road, Hampstead, Ashburton ",Request time out
10776,"14 McDonald Street, Netherby, Ashburton ",Request time out
10782,"104 Rakaia Barrhill Methven Road, Rakaia ",Request time out
10805,"34 Cridland Street, Rakaia ",Request time out
10807,"53 Hakatere Drive, Wakanui ",Request time out
10823,"22 Davis Crescent, Netherby, Ashburton ",Request time out
10828,"214 Mayfield Klondyke Road, Mayfield ",Request time out
10833,"40 Bruces Road, Mount Somers ",Request time out
10845,"130 McMurdo Street, Tinwald, Ashburton ",Request time out
10849,"1 Buckleys Terrace, Tinwald, Ashburton ",Request time out
10855,"109 Harrison Street, Allenton, Ashburton ",Request time out
10857,"23 Alford Forest Road, Allenton, Ashburton ",Request time out
10860,"43 Alford Forest Road, Allenton, Ashburton ",Request time out
10865,"45 Havelock Street, Ashburton ",Request time out
10869,"15 Walnut Avenue, Allenton, Ashburton ",Request time out
10870,"46 Reid Crescent, Allenton, Ashburton ",Request time out
10877,"15 Kelvin Crescent, Allenton, Ashburton ",Request time out
10881,"20 King Street, Netherby, Ashburton ",Request time out
10886,"46 Cambridge Street, Hampstead, Ashburton ",Request time out
10887,"22 Collins Street, Netherby, Ashburton ",Request time out
10893,"98 Beggs Road, Elgin, Ashburton ",Request time out
10909,"13A Colcord Place, Methven ",Request time out
10911,"12 Malcolm McDowell Avenue, Netherby, Ashburton ",Request time out
10915,"74 Winslow Westerfield Road, Winslow ",Request time out
10926,"5 Murdoch Place, Mayfield ",Request time out
10927,"53 Mount Hutt Station Road, Methven ",Request time out
10931,"24 Cambridge Street, Hampstead, Ashburton ",Request time out
10932,"4 Chapman Street, Methven ",Request time out
10949,"66 Hart Road, Pudding Hill ",Request time out
10950,"371 Reynolds Road, Methven ",Request time out
10966,"146 McMurdo Street, Tinwald, Ashburton ",Request time out
10970,"8 Millichamp Street, Tinwald, Ashburton ",Request time out
10978,"62 Alford Forest Road, Allenton, Ashburton ",Request time out
10988,"31 Belt Road, Allenton, Ashburton ",Request time out
10995,"23 Manse Street, Hampstead, Ashburton ",Request time out
10996,"25 Suffolk Street, Hampstead, Ashburton ",Request time out
11002,"9 Walshs Road, Allenton, Ashburton ",Request time out
11003,"11 McLean Street, Netherby, Ashburton ",Request time out
11010,"17 McDonald Street, Netherby, Ashburton ",Request time out
11013,"15 Keenans Road, Newland ",Request time out
11018,"19 Michael Street, Rakaia ",Request time out
11038,"10 Maynard Place, Netherby, Ashburton ",Request time out
11047,"118 Creek Road, Allenton, Ashburton ",Request time out
11048,"2 Braam Lane, Tinwald, Ashburton ",Request time out
11065,"161 Wills Street, Ashburton ",Request time out
11066,"42 Peter Street, Ashburton ",Request time out
11074,"17 Jag Way, Tinwald, Ashburton ",Request time out
11083,"136 Hart Road, Pudding Hill ",Request time out
11090,"60 Mill Road, Lagmhor ",Request time out
11091,"175 McMurdo Street, Tinwald, Ashburton ",Request time out
11109,"15 Charles Street, Allenton, Ashburton ",Request time out
11114,"22 Grigg Street, Ashburton ",Request time out
11121,"17 Suffolk Street, Hampstead, Ashburton ",Request time out
11122,"20 Chalmers Avenue, Hampstead, Ashburton ",Request time out
11125,"41 Beach Road, Hampstead, Ashburton ",Request time out
11138,"15 Wakanui Road, Hampstead, Ashburton ",Request time out
11151,"137 Haylors Road, Pendarves ",Request time out
11166,"10 Witney Lane, Huntingdon ",Request time out
11177,"32 Cameron Street, Ashburton ",Request time out
11178,"49 Creek Road, Allenton, Ashburton ",Request time out
11182,"30 Wilkin Street, Tinwald, Ashburton ",Request time out
11183,"15 Racecourse Avenue, Methven ",Request time out
11185,"211 Blackford Road, Mount Hutt ",Request time out
11186,"13 Mayfield Klondyke Road, Mayfield ",Request time out
11197,"169 Somerville Road, Mayfield ",Request time out
11201,"64 South Belt, Methven ",Request time out
11203,"137 Main Street, Methven ",Request time out
11223,"237 Rakaia River Road, Highbank ",Request time out
11226,"105 Alford Forest Road, Allenton, Ashburton ",Request time out
11231,"42 Cameron Street, Ashburton ",Request time out
11232,"71 South Street, Ashburton ",Request time out
11235,"29 Catherwood Avenue, Allenton, Ashburton ",Request time out
11250,"54 Bridge Street, Netherby, Ashburton ",Request time out
11251,"18 McDonald Street, Netherby, Ashburton ",Request time out
11252,"29 Albert Street, Netherby, Ashburton ",Request time out
11257,"53 Hanrahans Road, Dromore ",Request time out
11261,"17 Waymouth Street, Fairton ",Request time out
11268,"47A Walnut Avenue, Allenton, Ashburton ",Request time out
11273,"18 Malcolm McDowell Avenue, Netherby, Ashburton ",Request time out
11274,"126 Bridge Street, Newland ",Request time out
11281,"198 Harrison Street, Allenton, Ashburton ",Request time out
11282,"1743 Mainwarings Road, Dorie ",Request time out
11285,"15 Mackie Street, Methven ",Request time out
11297,"111 Archibald Street, Tinwald, Ashburton ",Request time out
11298,"38 Beach Road, Hampstead, Ashburton ",Request time out
11299,"18 Walshs Road, Allenton, Ashburton ",Request time out
11302,"38 Thomas Street, Allenton, Ashburton ",Request time out
11303,"15 Waterford Place, Tinwald, Ashburton ",Request time out
11337,"2 Woodham Drive, Allenton, Ashburton ",Request time out
11338,"2 Charles Street, Allenton, Ashburton ",Request time out
11339,"37 Churchill Avenue, Allenton, Ashburton ",Request time out
11345,"192 Racecourse Road, Allenton, Ashburton ",Request time out
11346,"111 Pages Road, Allenton, Ashburton ",Request time out
11365,"20 Grey Street, Ashburton ",Request time out
11371,"15 Kitchener Street, Netherby, Ashburton ",Request time out
11375,"134 Milton Road South, Elgin, Ashburton ",Request time out
11378,"105 Winchmore Dromore Road, Mitcham ",Request time out
11383,"42 Mackie Street, Rakaia ",Request time out
11386,"1A Grace Ireland Drive, Methven ",Request time out
11397,"7 Walnut Avenue, Allenton, Ashburton ",Request time out
11410,"182 Maronan Ealing Road, Ealing ",Request time out
11411,"1107 Maronan Ealing Road, Lismore ",Request time out
11412,"251 Maronan Road, Tinwald, Ashburton ",Request time out
11434,"113 Tarbottons Road, Tinwald, Ashburton ",Request time out
11439,"84 Hoods Road, Mount Somers ",Request time out
11446,"147 Coldstream Settlement Road, Coldstream ",Request time out
11450,"230 Dicksons Road, Hinds ",Request time out
11452,"143 Hobbs Road, Methven ",Request time out
11453,"21 Jackson Street, Methven ",Request time out
11459,"56 Chatmos Road, Willowby ",Request time out
11467,"162 Thomson Street, Tinwald, Ashburton ",Request time out
11468,"26 Anne Street, Tinwald, Ashburton ",Request time out
11473,"147 Middle Road, Allenton, Ashburton ",Request time out
11475,"50 Lane Street, Allenton, Ashburton ",Request time out
11476,"15 Windsor Street, Allenton, Ashburton ",Request time out
11483,"15 Mason Place, Allenton, Ashburton ",Request time out
11485,"36 Harrison Street, Allenton, Ashburton ",Request time out
11490,"141 Havelock Street, Ashburton ",Request time out
11500,"16 Orr Street, Netherby, Ashburton ",Request time out
11518,"148 Copley Road, Chertsey ",Request time out
11529,"29 Cridland Street, Rakaia ",Request time out
11534,"319 Methven Chertsey Road, Methven ",Request time out
11535,"10 Hakatere Drive, Wakanui ",Request time out
11536,"239 Rakaia Barrhill Methven Road, Rakaia ",Request time out
11544,"13 Wilkin Street, Tinwald, Ashburton ",Request time out
11562,"17 Railway Terrace East, Rakaia ",Request time out
11564,"34 Braebrook Drive, Netherby, Ashburton ",Request time out
11565,"40 Braebrook Drive, Netherby, Ashburton ",Request time out
11580,"34 Chapman Street, Methven ",Request time out
11590,"282 Back Track, Methven ",Request time out
11599,"172 Thomson Street, Tinwald, Ashburton ",Request time out
11612,"21 Alford Forest Road, Allenton, Ashburton ",Request time out
11613,"3 Allens Road, Allenton, Ashburton ",Request time out
11617,"10 Cass Street, Ashburton ",Request time out
11627,"22 Cass Street, Ashburton ",Request time out
11635,"21 Grey Street, Ashburton ",Request time out
11636,"21 King Street, Netherby, Ashburton ",Request time out
11637,"32 Orr Street, Netherby, Ashburton ",Request time out
11644,"53 Beach Road, Hampstead, Ashburton ",Request time out
11650,"32 Albert Street, Netherby, Ashburton ",Request time out
11654,"710 Somerton Road, Chertsey ",Request time out
11659,"3/272 Wills Street, Ashburton ",Request time out
11665,"363 Methven Chertsey Road, Methven ",Request time out
11669,"17 Waterton Point, Huntingdon ",Request time out
11682,"47 Manchester Street, Tinwald, Ashburton ",Request time out
11685,"51 Carters Road, Allenton, Ashburton ",Request time out
11692,"41B Cox Street, Ashburton ",Request time out
11693,"30 Rogers Street, Hinds ",Request time out
11695,"12 Braebrook Drive, Netherby, Ashburton ",Request time out
11711,"38 Carters Terrace, Tinwald, Ashburton ",Request time out
11716,"153 Smithfield Road, Elgin, Ashburton ",Request time out
11738,"158 Rakaia Barrhill Methven Road, Rakaia ",Request time out
11740,"18 Allison Street, Allenton, Ashburton ",Request time out
11753,"163 Watts Road, Mayfield ",Request time out
11759,"25 Cameron Street, Methven ",Request time out
11768,"11 Lagmhor Road, Tinwald, Ashburton ",Request time out
11769,"154 McMurdo Street, Tinwald, Ashburton ",Request time out
11770,"91 McMurdo Street, Tinwald, Ashburton ",Request time out
11773,"3 Carters Terrace, Tinwald, Ashburton ",Request time out
11777,"19 Alford Forest Road, Allenton, Ashburton ",Request time out
11778,"1 Miller Avenue, Allenton, Ashburton ",Request time out
11785,"10 McNicol Crescent, Allenton, Ashburton ",Request time out
11786,"24 Harrison Street, Allenton, Ashburton ",Request time out
11787,"60 Middle Road, Allenton, Ashburton ",Request time out
11788,"98 Pages Road, Allenton, Ashburton ",Request time out
11794,"120 Moore Street, Ashburton ",Request time out
11797,"34 William Street, Ashburton ",Request time out
11800,"13 Walshs Road, Allenton, Ashburton ",Request time out
11805,"12 McLean Street, Netherby, Ashburton ",Request time out
11806,"14 Brucefield Avenue, Netherby, Ashburton ",Request time out
11817,"77 Woods Road, Highbank ",Request time out
11818,"687 Urrall Road, Lauriston ",Request time out
11820,"62 Wilsons Road, Elgin, Ashburton ",Request time out
11823,"47 West Town Belt, Rakaia ",Request time out
11827,"143 Wards Road, Chertsey ",Request time out
11828,"9 Gray Street, Hinds ",Request time out
11830,"773 Coskeries Road, Ruapuna ",Request time out
11835,"29 Waymouth Street, Fairton ",Request time out
11843,"40 Rogers Street, Hinds ",Request time out
11852,"31 Mackie Street, Rakaia ",Request time out
11860,"118 Belt Road, Allenton, Ashburton ",Request time out
11876,"141 Watts Road, Mayfield ",Request time out
11890,"2936 Methven Highway, Methven ",Request time out
11924,"54 Catherwood Avenue, Allenton, Ashburton ",Request time out
11985,"249 Normanby Road, Rakaia ",Request time out
11987,"8 Somerset Grove, Allenton, Ashburton ",Request time out
11991,"132 Forks Road, Ashburton Forks ",Request time out
11992,"158 Lambies Road, Pendarves ",Request time out
12049,"3 Davidson Street, Allenton, Ashburton ",Request time out
12095,"9 Rolleston Street, Rakaia ",Request time out
12096,"68 Fergusson Street, Rakaia ",Request time out
12121,"201 Hollands Road, Tinwald, Ashburton ",Request time out
12132,"16 Chertsey Kyle Road, Chertsey ",Request time out
12166,"111 Elizabeth Street, Allenton, Ashburton ",Request time out
12219,"8 Ludlow Drive, Huntingdon ",Request time out
12220,"880 Forks Road, Alford Forest ",Request time out
12281,"3 Miller Avenue, Allenton, Ashburton ",Request time out
12312,"156 Wakanui Road, Elgin, Ashburton ",Request time out
12339,"255 Hinds Lismore Road, Hinds ",Request time out
12340,"47 Glassworks Road, Newland ",Request time out
12375,"132 McMurdo Street, Tinwald, Ashburton ",Request time out
12388,"10 Houston Place, Allenton, Ashburton ",Request time out
12396,"11 Havelock Street, Ashburton ",Request time out
12400,"32 Reid Crescent, Allenton, Ashburton ",Request time out
12464,"7 Penbury Close, Huntingdon ",Request time out
12486,"145 Mount Hutt Station Road, Methven ",Request time out
12490,"24 Elmwood Grove, Tinwald, Ashburton ",Request time out
12530,"38 Churchill Avenue, Allenton, Ashburton ",Request time out
12531,"64 Elizabeth Street, Allenton, Ashburton ",Request time out
12586,"659 Hepburns Road, Mitcham ",Request time out
12587,"86 Spaxton Street, Methven ",Request time out
12602,"90 Cridland Street, Rakaia ",Request time out
12637,"74 Main Street, Methven ",Request time out
12651,"52 Grove Street, Tinwald, Ashburton ",Request time out
12664,"100 Creek Road, Allenton, Ashburton ",Request time out
12671,"10 Cambridge Street, Hampstead, Ashburton ",Request time out
12674,"69 Beach Road, Hampstead, Ashburton ",Request time out
12703,"128 Allens Road, Allenton, Ashburton ",Request time out
12713,"11A Cavendish Street, Allenton, Ashburton ",Request time out
12721,"147 Grove Street, Tinwald, Ashburton ",Request time out
12725,"112 Cass Street, Ashburton ",Request time out
12757,"37 Dobson Street West, Ashburton ",Request time out
12764,"50 Tucker Street, Allenton, Ashburton ",Request time out
12767,"43 Wills Street, Ashburton ",Request time out
12808,"79 Cridland Street, Rakaia ",Request time out
12813,"8/11 Cox Street, Ashburton ",Request time out
12814,"258B Moore Street, Ashburton ",Request time out
12815,"12A Line Road, Methven ",Request time out
12821,"209 Wheatstone Road, Ashton ",Request time out
12883,"41 South Belt, Methven ",Request time out
12886,"77 Main Street, Methven ",Request time out
12897,"23 Anne Street, Tinwald, Ashburton ",Request time out
12900,"9 Millichamp Street, Tinwald, Ashburton ",Request time out
12930,"120 Chalmers Avenue, Hampstead, Ashburton ",Request time out
12931,"13 Rapley Street, Hampstead, Ashburton ",Request time out
12937,"26 Collins Street, Netherby, Ashburton ",Request time out
12938,"32 Bridge Street, Netherby, Ashburton ",Request time out
12953,"38 Charlesworth Drive, Allenton, Ashburton ",Request time out
12980,"14 Harrison Street, Allenton, Ashburton ",Request time out
12991,"87 Havelock Street, Ashburton ",Request time out
12992,"28 Thomas Street, Allenton, Ashburton ",Request time out
13009,"7 Chapman Street, Methven ",Request time out
13039,"29 Lane Street, Allenton, Ashburton ",Request time out
13041,"19 Reid Crescent, Allenton, Ashburton ",Request time out
13050,"112 Middle Road, Allenton, Ashburton ",Request time out
13068,"78 Grey Street, Ashburton ",Request time out
13098,"5 Wayne Place, Methven ",Request time out
13101,"6 Dolma Street, Methven ",Request time out
13112,"882 Mayfield Klondyke Road, Montalto ",Request time out
13156,"150 McMurdo Street, Tinwald, Ashburton ",Request time out
13164,"81 Grove Street, Tinwald, Ashburton ",Request time out
13171,"1 Baker Street, Allenton, Ashburton ",Request time out
13197,"186 South Street, Hampstead, Ashburton ",Request time out
13218,"106 Princes Street, Netherby, Ashburton ",Request time out
13219,"120 Bridge Street, Netherby, Ashburton ",Request time out
13223,"85 Wakanui Road, Elgin, Ashburton ",Request time out
13226,"48 Christys Road, Wakanui ",Request time out
13232,"49 West Town Belt, Rakaia ",Request time out
13234,"110 Bowen Street, Rakaia ",Request time out
13245,"18 Braebrook Drive, Netherby, Ashburton ",Request time out
13254,"14 Maynard Place, Netherby, Ashburton ",Request time out
13290,"43 Lanz Vale Lane, Huntingdon ",Request time out
13291,"68 Barnswood Road, Ruapuna ",Request time out
13292,"37 Maronan Ealing Road, Ealing ",Request time out
13323,"198 Racecourse Road, Allenton, Ashburton ",Request time out
13326,"15 Cavendish Street, Allenton, Ashburton ",Request time out
13342,"9 Catherwood Avenue, Allenton, Ashburton ",Request time out
13380,"50 Bridge Street, Rakaia ",Request time out
13384,"1 Charlesworth Drive, Allenton, Ashburton ",Request time out
13404,"259 Trevors Road, Carew ",Request time out
13405,"363 Anama Valetta Road, Valetta ",Request time out
13431,"26 Charles Street, Allenton, Ashburton ",Request time out
13434,"11 Allens Road, Allenton, Ashburton ",Request time out
13457,"337 Burnett Street, Ashburton ",Request time out
13458,"385 Burnett Street, Hampstead, Ashburton ",Request time out
13473,"15 Cambridge Street, Hampstead, Ashburton ",Request time out
13474,"28 Church Street, Hampstead, Ashburton ",Request time out
13480,"152 Mitcham Road, Allenton, Ashburton ",Request time out
13487,"12 Mackie Street, Rakaia ",Request time out
13489,"35 Mackie Street, Rakaia ",Request time out
13504,"148 Melcombe Street, Tinwald, Ashburton ",Request time out
13505,"417 Springburn Bushside Road, Staveley ",Request time out
13509,"29 Hakatere Drive, Wakanui ",Request time out
13512,"64 Tancred Street, Rakaia ",Request time out
13526,"6 Catherine Street, Tinwald, Ashburton ",Request time out
13534,"154 Winslow Road, Winslow ",Request time out
13568,"7 Baker Street, Allenton, Ashburton ",Request time out
13569,"9 Cross Street, Allenton, Ashburton ",Request time out
13570,"42 Havelock Street, Ashburton ",Request time out
13576,"17 Harrison Street, Allenton, Ashburton ",Request time out
13581,"13 Willow Street, Hampstead, Ashburton ",Request time out
13588,"18 Brucefield Avenue, Netherby, Ashburton ",Request time out
13600,"24 Wakanui Road, Hampstead, Ashburton ",Request time out
13642,"122 Ashburton Gorge Road, Mount Somers ",Request time out
13648,"171 Arundel Rakaia Gorge Road, Carew ",Request time out
13659,"131 Tarbottons Road, Tinwald, Ashburton ",Request time out
13679,"129 Main Street, Methven ",Request time out
13681,"20 Lampard Street, Methven ",Request time out
13687,"140 Thomson Street, Tinwald, Ashburton ",Request time out
13689,"37 Graham Street, Tinwald, Ashburton ",Request time out
13695,"107 Grove Street, Tinwald, Ashburton ",Request time out
13700,"157 Middle Road, Allenton, Ashburton ",Request time out
13703,"21 Charles Street, Allenton, Ashburton ",Request time out
13716,"24 Cox Street, Ashburton ",Request time out
13735,"131 Bowen Street, Rakaia ",Request time out
13738,"3/195 Walnut Avenue, Ashburton ",Request time out
13739,"9 Torbay Avenue, Huntingdon ",Request time out
13755,"354 West Street, Allenton, Ashburton ",Request time out
13756,"17 Robinson Street, Rakaia ",Request time out
13762,"4 Catherwood Close, Allenton, Ashburton ",Request time out
13797,"12 Millichamp Street, Tinwald, Ashburton ",Request time out
13802,"20 James Street, Allenton, Ashburton ",Request time out
13808,"33 Miller Avenue, Allenton, Ashburton ",Request time out
13809,"43 Harrison Street, Allenton, Ashburton ",Request time out
13813,"14 Mason Place, Allenton, Ashburton ",Request time out
13821,"118 Tancred Street, Ashburton ",Request time out
13830,"69 Creek Road, Allenton, Ashburton ",Request time out
13844,"179 Somerton Road, Mitcham ",Request time out
13854,"1438 Acton Road, Dorie ",Request time out
13860,"18 Camrose Avenue, Methven ",Request time out
13866,"19A Alington Street, Methven ",Request time out
13871,"15 Country Place, Allenton, Ashburton ",Request time out
13899,"6 Kelburn Place, Tinwald, Ashburton ",Request time out
13905,"41 Alford Forest Cemetery Road, Alford Forest ",Request time out
13913,"85 Tarbottons Road, Tinwald, Ashburton ",Request time out
13922,"33 Archibald Street, Tinwald, Ashburton ",Request time out
13932,"36 Cameron Street, Ashburton ",Request time out
13934,"7 Westcott Place, Allenton, Ashburton ",Request time out
13944,"102 Creek Road, Allenton, Ashburton ",Request time out
13954,"38 Cambridge Street, Hampstead, Ashburton ",Request time out
13957,"165 Trevors Road, Hampstead, Ashburton ",Request time out
13960,"211 Smithfield Road, Elgin, Ashburton ",Request time out
13973,"85 Winchmore School Road, Winchmore ",Request time out
13980,"1A Carters Terrace, Tinwald, Ashburton ",Request time out
13981,"149 Fords Road, Tinwald, Ashburton ",Request time out
14006,"43 Lampard Street, Methven ",Request time out
14007,"20 Hinds Gorge Road, Montalto ",Request time out
14016,"171 Main Street, Methven ",Request time out
14017,"19 McDonald Street, Methven ",Request time out
14021,"24 Bryant Street, Tinwald, Ashburton ",Request time out
14026,"172 Griffiths Road, Willowby ",Request time out
14032,"66 Nursery Drive, Tinwald, Ashburton ",Request time out
14037,"29 Bathurst Street, Allenton, Ashburton ",Request time out
14038,"59 Farm Road, Allenton, Ashburton ",Request time out
14040,"42 Andrew Street, Allenton, Ashburton ",Request time out
14052,"112 Chalmers Avenue, Hampstead, Ashburton ",Request time out
14090,"115 Trevors Road, Hampstead, Ashburton ",Request time out
14093,"23 Tuarangi Road, Netherby, Ashburton ",Request time out
14094,"16 Harrison Street, Allenton, Ashburton ",Request time out
14100,"22 Farm Road, Allenton, Ashburton ",Request time out
14105,"162 Hollands Road, Tinwald, Ashburton ",Request time out
14110,"117 Tarbottons Road, Tinwald, Ashburton ",Request time out
14116,"22 Chapman Street, Methven ",Request time out
14118,"7 Cameron Street, Methven ",Request time out
14135,"39 Grove Street, Tinwald, Ashburton ",Request time out
14137,"152 Harrison Street, Allenton, Ashburton ",Request time out
14144,"18 Baker Street, Allenton, Ashburton ",Request time out
14145,"42 Churchill Avenue, Allenton, Ashburton ",Request time out
14146,"8 Baker Street, Allenton, Ashburton ",Request time out
14156,"94 Winter Street, Ashburton ",Request time out
14159,"38 Chalmers Avenue, Hampstead, Ashburton ",Request time out
14160,"39 Cass Street, Ashburton ",Request time out
14161,"9 Manse Street, Hampstead, Ashburton ",Request time out
14167,"43 Creek Road, Allenton, Ashburton ",Request time out
14171,"148 William Street, Ashburton ",Request time out
14180,"31 Wakanui Road, Hampstead, Ashburton ",Request time out
14195,"98 Rakaia Terrace, Rakaia ",Request time out
14196,"134 Michael Street, Rakaia ",Request time out
14210,"11 Country Place, Allenton, Ashburton ",Request time out
14218,"172 McMurdo Street, Tinwald, Ashburton ",Request time out
14232,"137 Rolleston Street, Rakaia ",Request time out
14235,"132 Middle Road, Allenton, Ashburton ",Request time out
14246,"12 Carr Street, Methven ",Request time out
14249,"99 Winslow Westerfield Road, Winslow ",Request time out
14259,"13 Buckleys Terrace, Tinwald, Ashburton ",Request time out
14263,"24 Miller Avenue, Allenton, Ashburton ",Request time out
14267,"83 Elizabeth Street, Allenton, Ashburton ",Request time out
14273,"27 Turton Street, Allenton, Ashburton ",Request time out
14280,"116 Highbank School Road, Highbank ",Request time out
14286,"16 Rapley Street, Hampstead, Ashburton ",Request time out
14289,"303 Wills Street, Ashburton ",Request time out
14306,"20 Mayfield Klondyke Road, Mayfield ",Request time out
14312,"10 Waterton Point, Huntingdon ",Request time out
14314,"3 Millibrook Place, Tinwald, Ashburton ",Request time out
14323,"39B Morgan Street, Methven ",Request time out
14326,"73 Cridland Street, Rakaia ",Request time out
14355,"29 Moodies Road, Mount Somers ",Request time out
14361,"190 Main Street, Methven ",Request time out
14362,"1 Winslow Willowby Road, Winslow ",Request time out
14365,"121 McMurdo Street, Tinwald, Ashburton ",Request time out
14372,"173 Harrison Street, Allenton, Ashburton ",Request time out
14373,"44 Jordan Avenue, Tinwald, Ashburton ",Request time out
14377,"11 Todd Place, Allenton, Ashburton ",Request time out
14384,"23 Charles Street, Allenton, Ashburton ",Request time out
14386,"30 Alford Forest Road, Allenton, Ashburton ",Request time out
14403,"7 Beach Road, Hampstead, Ashburton ",Request time out
14406,"44 Pages Road, Allenton, Ashburton ",Request time out
14416,"8 Ferriman Street, Netherby, Ashburton ",Request time out
14428,"217 Winchmore Dromore Road, Mitcham ",Request time out
14429,"368 Bebbingtons Road, Mitcham ",Request time out
14432,"785 Gardiners Road, Pendarves ",Request time out
14438,"12 Camrose Avenue, Methven ",Request time out
14439,"16 Alma Place, Methven ",Request time out
14441,"21 Waterton Point, Huntingdon ",Request time out
14463,"31 Chertsey Line Road, Chertsey ",Request time out
14466,"113 Cameron Street, Ashburton ",Request time out
14475,"109 Chalmers Avenue, Hampstead, Ashburton ",Request time out
14483,"150 Anama Station Road, Mayfield ",Request time out
14499,"17 Archibald Street, Tinwald, Ashburton ",Request time out
14505,"118 Johnstone Street, Tinwald, Ashburton ",Request time out
14511,"12 Woodham Drive, Allenton, Ashburton ",Request time out
14513,"39 Churchill Avenue, Allenton, Ashburton ",Request time out
14516,"83 Alford Forest Road, Allenton, Ashburton ",Request time out
14534,"10 Catherwood Avenue, Allenton, Ashburton ",Request time out
14535,"128 Belt Road, Allenton, Ashburton ",Request time out
14536,"19 Walshs Road, Allenton, Ashburton ",Request time out
14549,"80 Cambridge Street, Hampstead, Ashburton ",Request time out
14553,"116 Wakanui Road, Elgin, Ashburton ",Request time out
14556,"23 Chertsey Road, Chertsey ",Request time out
14569,"52 Pattons Road, Mount Somers ",Request time out
14582,"28 Gray Street, Hinds ",Request time out
14589,"103 Chalmers Avenue, Hampstead, Ashburton ",Request time out
14592,"94 Alford Forest Road, Allenton, Ashburton ",Request time out
14606,"19A Allison Street, Allenton, Ashburton ",Request time out
14615,"33 Allens Road, Allenton, Ashburton ",Request time out
14635,"167 McMurdo Street, Tinwald, Ashburton ",Request time out
14636,"169 Archibald Street, Tinwald, Ashburton ",Request time out
14652,"39 Reid Crescent, Allenton, Ashburton ",Request time out
14653,"41 Moore Street, Ashburton ",Request time out
14662,"253 Tancred Street, Ashburton ",Request time out
14663,"261 Moore Street, Ashburton ",Request time out
14666,"45 Cass Street, Ashburton ",Request time out
14669,"27 Pages Road, Allenton, Ashburton ",Request time out
14673,"36 Brucefield Avenue, Netherby, Ashburton ",Request time out
14678,"102 William Street, Ashburton ",Request time out
14689,"25 Glassworks Road, Netherby, Ashburton ",Request time out
14697,"75 Carruthers Road, Dorie ",Request time out
14700,"26 Chelsea Lane, Newland ",Request time out
14711,"11 Westpark Close, Allenton, Ashburton ",Request time out
14723,"22 Chertsey Kyle Road, Chertsey ",Request time out
14734,"30 Beach Road, Hampstead, Ashburton ",Request time out
14760,"183 Braemar Road, Lauriston ",Request time out
14764,"22 Bryant Street, Tinwald, Ashburton ",Request time out
14772,"11 Thomson Street, Tinwald, Ashburton ",Request time out
14773,"36 Carters Terrace, Tinwald, Ashburton ",Request time out
14774,"100 Grahams Road, Tinwald, Ashburton ",Request time out
14782,"6 Woodham Drive, Allenton, Ashburton ",Request time out
14784,"17 Havelock Street, Ashburton ",Request time out
14787,"117 Pages Road, Allenton, Ashburton ",Request time out
14792,"48 William Street, Ashburton ",Request time out
14794,"27 Walshs Road, Allenton, Ashburton ",Request time out
14807,"31 Church Street, Hampstead, Ashburton ",Request time out
14820,"31 West Town Belt, Rakaia ",Request time out
14833,"424 Winchmore School Road, Winchmore ",Request time out
14838,"17 Hekeao Road, Surrey Hills ",Request time out
14844,"744 Isleworth Road, Lowcliffe ",Request time out
14857,"101 Maronan Road, Tinwald, Ashburton ",Request time out
14863,"7 Buckleys Terrace, Tinwald, Ashburton ",Request time out
14871,"133 Harrison Street, Allenton, Ashburton ",Request time out
14874,"13 Windsor Street, Allenton, Ashburton ",Request time out
14880,"42 Wills Street, Ashburton ",Request time out
14882,"10 Turton Street, Allenton, Ashburton ",Request time out
14887,"102 Cameron Street, Ashburton ",Request time out
14890,"146 Moore Street, Ashburton ",Request time out
14893,"14 Kelvin Crescent, Allenton, Ashburton ",Request time out
14894,"84 Pages Road, Allenton, Ashburton ",Request time out
14896,"115 Dobson Street, Ashburton ",Request time out
14897,"150 William Street, Ashburton ",Request time out
14935,"18 Magnolia Drive, Netherby, Ashburton ",Request time out
14939,"10 McKee Place, Hampstead, Ashburton ",Request time out
14944,"14 Waterton Point, Huntingdon ",Request time out
14945,"149 Fairfield Road, Dromore ",Request time out
14954,"11 Mackie Street, Methven ",Request time out
14963,"290 Somerville Road, Mayfield ",Request time out
14964,"299 Alford Forest Settlement Road, Alford Forest ",Request time out
14967,"10 Farquhar Place, Methven ",Request time out
14968,"58 Allen Street, Methven ",Request time out
14976,"127 Archibald Street, Tinwald, Ashburton ",Request time out
14980,"32 Grove Street, Tinwald, Ashburton ",Request time out
14983,"66 McMurdo Street, Tinwald, Ashburton ",Request time out
14988,"28 Andrew Street, Allenton, Ashburton ",Request time out
14997,"21 Hanrahan Street, Allenton, Ashburton ",Request time out
15000,"5 Elizabeth Street, Ashburton ",Request time out
15009,"3 Burton Place, Allenton, Ashburton ",Request time out
15010,"41 Racecourse Road, Allenton, Ashburton ",Request time out
15012,"95 Belt Road, Allenton, Ashburton ",Request time out
15013,"189 Walnut Avenue, Ashburton ",Request time out
15021,"13 Wakanui Road, Hampstead, Ashburton ",Request time out
15027,"120 Bremners Road, Netherby, Ashburton ",Request time out
15029,"108 Chertsey Kyle Road, Chertsey ",Request time out
15034,"39 Rolleston Street, Rakaia ",Request time out
15044,"39 Grigg Street, Ashburton ",Request time out
15051,"43 Carters Terrace, Tinwald, Ashburton ",Request time out
15055,"28 Braebrook Drive, Netherby, Ashburton ",Request time out
15064,"14 Parkdale Close, Allenton, Ashburton ",Request time out
15067,"32 Harrison Street, Allenton, Ashburton ",Request time out
15068,"223 Hoattens Road, Elgin, Ashburton ",Request time out
15071,"352 Westerfield Lismore Road, Westerfield ",Request time out
15072,"103 Michael Street, Rakaia ",Request time out
15076,"169 Mainwarings Road, Rakaia ",Request time out
15077,"111 Walker Street, Ashburton ",Request time out
15092,"372 Annetts Road, Hinds ",Request time out
15093,"31 Brogdens Road, Lowcliffe ",Request time out
15101,"27 Bryant Street, Tinwald, Ashburton ",Request time out
15115,"53 Lane Street, Allenton, Ashburton ",Request time out
15117,"34 Miller Avenue, Allenton, Ashburton ",Request time out
15119,"40 Kermode Street, Ashburton ",Request time out
15123,"62 Cross Street, Allenton, Ashburton ",Request time out
15124,"7 Creek Road, Allenton, Ashburton ",Request time out
15126,"48 Grigg Street, Ashburton ",Request time out
15134,"22 Walshs Road, Allenton, Ashburton ",Request time out
15135,"156 William Street, Netherby, Ashburton ",Request time out
15136,"1 Maynard Place, Netherby, Ashburton ",Request time out
15139,"17 Cambridge Street, Hampstead, Ashburton ",Request time out
15143,"170 Seafield Road, Elgin, Ashburton ",Request time out
15187,"19 Carters Terrace, Tinwald, Ashburton ",Request time out
15188,"52 Hakatere Drive, Wakanui ",Request time out
15206,"102 Walker Street, Ashburton ",Request time out
15207,"40 Grey Street, Ashburton ",Request time out
15214,"1509 Maronan Valetta Road, Valetta ",Request time out
15217,"176 Waimarama Road, Methven ",Request time out
15226,"577 Barkers Road, Highbank ",Request time out
15238,"14 Allens Road, Allenton, Ashburton ",Request time out
15239,"17 Miller Avenue, Allenton, Ashburton ",Request time out
15248,"70 Havelock Street, Ashburton ",Request time out
15249,"23 Rundles Road, Allenton, Ashburton ",Request time out
15253,"3 Williamson Place, Allenton, Ashburton ",Request time out
15258,"3 Chalmers Avenue, Hampstead, Ashburton ",Request time out
15264,"19 King Street, Netherby, Ashburton ",Request time out
15304,"16 Havelock Street, Ashburton ",Request time out
15305,"130 East Street, Ashburton ",Request time out
15307,"147 McLennans Bush Road, Pudding Hill ",Request time out
15308,"741 Ashburton Gorge Road, Mount Somers ",Request time out
15311,"106 Pudding Hill Road, Methven ",Request time out
15328,"295 Winterslow Road, Staveley ",Request time out
15339,"89 Elizabeth Avenue, Rakaia ",Request time out
15340,"10 Beatty Crescent, Hampstead, Ashburton ",Request time out
15350,"112 Hoods Road, Mount Somers ",Request time out
15355,"1 Chapman Street, Methven ",Request time out
15364,"100 George Street, Tinwald, Ashburton ",Request time out
15373,"48 Nursery Drive, Tinwald, Ashburton ",Request time out
15374,"6 Thomson Street, Tinwald, Ashburton ",Request time out
15376,"10 Bullock Street, Allenton, Ashburton ",Request time out
15379,"21 Allison Street, Allenton, Ashburton ",Request time out
15380,"57 Harrison Street, Allenton, Ashburton ",Request time out
15386,"17 Middle Road, Allenton, Ashburton ",Request time out
15387,"27 Churchill Avenue, Allenton, Ashburton ",Request time out
15388,"28 Cavendish Street, Allenton, Ashburton ",Request time out
15392,"52 Grigg Street, Ashburton ",Request time out
15396,"24 Manse Street, Hampstead, Ashburton ",Request time out
15409,"15 McLean Street, Netherby, Ashburton ",Request time out
15415,"17 Collins Street, Netherby, Ashburton ",Request time out
15420,"330 Bebbingtons Road, Mitcham ",Request time out
15421,"137 Copley Road, Chertsey ",Request time out
15426,"104 Corbetts Road North, Dorie ",Request time out
15427,"15 Fairfield Road, Fairton ",Request time out
15433,"20A Rolleston Street, Rakaia ",Request time out
15438,"104 Company Road, Newland ",Request time out
15442,"13 Camrose Avenue, Methven ",Request time out
15443,"101 Frisbys Road, Hinds ",Request time out
15447,"12 Maynard Place, Netherby, Ashburton ",Request time out
15450,"271 Carneys Road, Alford Forest ",Request time out
15465,"10 Catherwood Close, Allenton, Ashburton ",Request time out
15467,"126 Belt Road, Allenton, Ashburton ",Request time out
15472,"20 Rakaia Terrace, Rakaia ",Request time out
15478,"12 Lanz Vale Lane, Huntingdon ",Request time out
15488,"15 Cameron Street, Methven ",Request time out
15489,"47 Allen Street, Methven ",Request time out
15509,"103 Alford Forest Road, Allenton, Ashburton ",Request time out
15511,"23 Reid Crescent, Allenton, Ashburton ",Request time out
15515,"39 Cameron Street, Ashburton ",Request time out
15522,"206 Cameron Street, Ashburton ",Request time out
15524,"90 Cameron Street, Ashburton ",Request time out
15533,"104 Creek Road, Allenton, Ashburton ",Request time out
15547,"22 Wakanui School Road, Wakanui ",Request time out
15553,"21 Chelsea Lane, Newland ",Request time out
15563,"17 Gray Street, Hinds ",Request time out
15572,"123 Milton Road South, Elgin, Ashburton ",Request time out
15575,"134 Barnswood Road, Ruapuna ",Request time out
15584,"7 Robinson Street, Ashburton ",Request time out
15585,"398 Hamptons Road, Pendarves ",Request time out
15586,"47 Rolleston Street, Rakaia ",Request time out
15589,"41 Bridge Street, Rakaia ",Request time out
15596,"152 Bennetts Road, Ruapuna ",Request time out
15602,"18 Cameron Street, Methven ",Request time out
15604,"46 Lampard Street, Methven ",Request time out
15608,"12 Winslow Westerfield Road, Winslow ",Request time out
15613,"102 Grove Street, Tinwald, Ashburton ",Request time out
15618,"134 Harrison Street, Allenton, Ashburton ",Request time out
15622,"18 Smitheram Street, Allenton, Ashburton ",Request time out
15624,"37 Cross Street, Allenton, Ashburton ",Request time out
15625,"6 Allison Street, Allenton, Ashburton ",Request time out
15630,"13 Williamson Place, Allenton, Ashburton ",Request time out
15640,"103 Creek Road, Allenton, Ashburton ",Request time out
15641,"10 Walshs Road, Allenton, Ashburton ",Request time out
15643,"19 Falcon Drive, Allenton, Ashburton ",Request time out
15657,"27 Bridge Street, Netherby, Ashburton ",Request time out
15671,"8A Allison Street, Allenton, Ashburton ",Request time out
15678,"14 Alford Street, Methven ",Request time out
15692,"55 Chalmers Avenue, Hampstead, Ashburton ",Request time out
15693,"322 Westerfield School Road, Westerfield ",Request time out
15694,"58 Wills Street, Ashburton ",Request time out
15695,"95 Michael Street, Rakaia ",Request time out
15704,"29 Company Road, Newland ",Request time out
15712,"26 Braemar Lauriston Road, Lauriston ",Request time out
15717,"65 Winslow Willowby Road, Winslow ",Request time out
15725,"59 Middle Road, Allenton, Ashburton ",Request time out
15731,"132 Hinds Lismore Road, Hinds ",Request time out
15753,"50 Michael Street, Rakaia ",Request time out
15756,"209 Wills Street, Ashburton ",Request time out
15757,"107 Racecourse Road, Allenton, Ashburton ",Request time out
15761,"119 Racecourse Road, Allenton, Ashburton ",Request time out
15762,"121 Racecourse Road, Allenton, Ashburton ",Request time out
15771,"140 Racecourse Road, Allenton, Ashburton ",Request time out
15799,"221 Hinds Highway, Tinwald, Ashburton ",Request time out
15800,"77 Maronan Road, Tinwald, Ashburton ",Request time out
15805,"667 Coskeries Road, Ruapuna ",Request time out
15806,"667A Coskeries Road, Ruapuna ",Request time out
15807,"669 Coskeries Road, Ruapuna ",Request time out
15818,"58 Cass Street, Ashburton ",Request time out
15820,"165 Tancred Street, Ashburton ",Request time out
15828,"14 Wightmans Road, Mount Hutt ",Request time out
15834,"55 Harrison Street, Allenton, Ashburton ",Request time out