address,boolean
"19 Halstead Road, Pleasant Point",Request timed out
"131 Selwyn Street, Waimataitai, Timaru",Request timed out
"28 Market Street, Watlington, Timaru",Request timed out
"29 Whitcombe Street, Temuka",Request timed out
"224 Douglas Street, Highfield, Timaru",Request timed out
"17 Maple Crescent, Watlington, Timaru",Request timed out
"14 Connolly Street, Geraldine",Request timed out
"27 Barnard Street, Timaru ",Request timed out
"1220 Peel Forest Road, Peel Forest ",Request timed out
"8 Lindsay Street, Marchwiel, Timaru ",Request timed out
"14 Branscombe Street, Highfield, Timaru ",Request timed out
"16 Te Weka Street, Maori Hill, Timaru ",Request timed out
"109 Station Road, Temuka ",Request timed out
"32 Birkett Street, Temuka ",Request timed out
"40 Hayhurst Street, Temuka ",Request timed out
"1/96 North Street, Seaview, Timaru ",Request timed out
"2/41 Wilson Street, Geraldine ",Request timed out
"540 Fairview Road, Claremont ",Request timed out
"12 McKeown Road, Woodbury ",Request timed out
"16 Tekapo Street, Glenwood, Timaru ",Request timed out
"10 Collingwood Street, Highfield, Timaru ",Request timed out
"16 Melton Street, Watlington, Timaru ",Request timed out
"18 Somerset Street, Watlington, Timaru ",Request timed out
"22 Talbot Street, Geraldine ",Request timed out
"27 The Terrace, Timaru ",Request timed out
"11 South Street, Kensington, Timaru ",Request timed out
"20 Edward Street, Parkside, Timaru ",Request timed out
"55 Cain Street, Parkside, Timaru ",Request timed out
"87A King Street, Kensington, Timaru ",Request timed out
"41 Sherratt Road, Geraldine Downs ",Request timed out
"223 North Street, West End, Timaru ",Request timed out
"46 Ranui Avenue, Waimataitai, Timaru ",Request timed out
"56 MacDonald Street, Marchwiel, Timaru ",Request timed out
"59 Main North Road, Geraldine ",Request timed out
"6 Craigie Avenue, Parkside, Timaru ",Request timed out
"17A Trafalgar Street, Maori Hill, Timaru ",Request timed out
"628 Pleasant Point Highway, Levels ",Request timed out
"176 Morgans Road, Marchwiel, Timaru ",Request timed out
"10 Waitaki Street, Glenwood, Timaru ",Request timed out
"150 Selwyn Street, Waimataitai, Timaru ",Request timed out
"135 Wai-Iti Road, Highfield, Timaru ",Request timed out
"14 Brenda Street, Kensington, Timaru ",Request timed out
"10 Evans Street, Maori Hill, Timaru ",Request timed out
"13 South Terrace Road, Geraldine ",Request timed out
"46 Hopkins Street, Gleniti, Timaru ",Request timed out
"141 Douglas Street, Highfield, Timaru ",Request timed out
"30 Maple Crescent, Watlington, Timaru ",Request timed out
"75 Cox Street, Geraldine ",Request timed out
"78 Cox Street, Geraldine ",Request timed out
"54 York Street, Seaview, Timaru ",Request timed out
"12 Harper Street, Parkside, Timaru ",Request timed out
"10 Babington Street, Parkside, Timaru ",Request timed out
"181 Mountain View Road, Gleniti, Timaru ",Request timed out
"4 Lagoon Drive, Normanby ",Request timed out
"11A St George Street, Watlington, Timaru ",Request timed out
"12 Sea View Terrace, Seaview, Timaru ",Request timed out
"30A Hamilton Street, Temuka ",Request timed out
"33 Greenvale Road, Geraldine ",Request timed out
"15 Russell Street, Pleasant Point ",Request timed out
"22 Donald Street, Temuka ",Request timed out
"29 Huxley Street, Gleniti, Timaru ",Request timed out
"60 Temple Crescent, Gleniti, Timaru ",Request timed out
"152 Beaconsfield Road, Fairview ",Request timed out
"13 St Johns Avenue, Highfield, Timaru ",Request timed out
"24 Avenue Road, West End, Timaru ",Request timed out
"5 Rathmore Street, West End, Timaru ",Request timed out
"31 Somerset Street, Watlington, Timaru ",Request timed out
"25 Dampier Street, Oceanview, Timaru ",Request timed out
"15 Cain Street, Parkside, Timaru ",Request timed out
"16 Campbell Street, Geraldine ",Request timed out
"20 Cambridge Street, Kensington, Timaru ",Request timed out
"32 James Street, Kensington, Timaru ",Request timed out
"70 King Street, Redruth, Timaru ",Request timed out
"48 Hornbrook Street, Temuka ",Request timed out
"2 Queen Street, Parkside, Timaru ",Request timed out
"20 Apsley Street, Glenwood, Timaru ",Request timed out
"17A Lancaster Street, Geraldine ",Request timed out
"10A Birkett Street, Temuka ",Request timed out
"11 MacAulay Street, Gleniti, Timaru ",Request timed out
"6 Murchison Drive, Gleniti, Timaru ",Request timed out
"24 Rosewill Valley Road, Washdyke Flat ",Request timed out
"67 Grants Road, Marchwiel, Timaru ",Request timed out
"9 Hugh Street, Seaview, Timaru ",Request timed out
"129 Church Street, Seaview, Timaru ",Request timed out
"22 Royal Arcade, Timaru ",Request timed out
"42 Buchanan Street, Parkside, Timaru ",Request timed out
"39 Cass Street, Temuka ",Request timed out
"809 Burnham Road, Orton ",Request timed out
"168 Timaru-Temuka Highway, Levels ",Request timed out
"37 Pages Road, Marchwiel, Timaru ",Request timed out
"151 Stafford Street, Timaru ",Request timed out
"13 Shaw Street, Redruth, Timaru ",Request timed out
"1 Dobson Street, Gleniti, Timaru ",Request timed out
"43 Kellands Hill Road, Washdyke Flat ",Request timed out
"14 Somerset Street, Watlington, Timaru ",Request timed out
"31 Wilson Street, Geraldine ",Request timed out
"7 Tay Street, Waimataitai, Timaru ",Request timed out
"70 Wilson Street, Seaview, Timaru ",Request timed out
"28 Grey Road, Timaru ",Request timed out
"25 St Leonards Road, Temuka ",Request timed out
"36 Taylor Street North, Rangitata ",Request timed out
"28 Forest Road, Geraldine ",Request timed out
"188 Beeby Road, Geraldine Flat ",Request timed out
"14 Stirling Place, Marchwiel, Timaru ",Request timed out
"17 Barnes Street, Glenwood, Timaru ",Request timed out
"1 Goulds Road, Marchwiel, Timaru ",Request timed out
"12 Tweedy Street, Marchwiel, Timaru ",Request timed out
"11 Chalmers Street, Highfield, Timaru ",Request timed out
"25 Harborough Street, Watlington, Timaru ",Request timed out
"12 Albert Street, Seaview, Timaru ",Request timed out
"16 Matilda Street, Seaview, Timaru ",Request timed out
"35 Woodlands Road, Parkside, Timaru ",Request timed out
"36 Bowker Street, Kensington, Timaru ",Request timed out
"13 Royal Street, Kensington, Timaru ",Request timed out
"16 Morgans Road, Glenwood, Timaru ",Request timed out
"128 Te Moana Road, Pleasant Valley ",Request timed out
"220 Milford Clandeboye Road, Milford ",Request timed out
"186A Morgans Road, Marchwiel, Timaru ",Request timed out
"27 Bath Street, Pareora West ",Request timed out
"16 Stirling Place, Marchwiel, Timaru ",Request timed out
"219 Wai-Iti Road, Highfield, Timaru ",Request timed out
"16 Bristol Road, Pareora ",Request timed out
"51 Dunkirk Street, Marchwiel, Timaru ",Request timed out
"7 Glen Street, Marchwiel, Timaru ",Request timed out
"12 Branscombe Street, Highfield, Timaru ",Request timed out
"18 Dampier Street, Oceanview, Timaru ",Request timed out
"10 Hanan Place, Parkside, Timaru ",Request timed out
"14 Butler Street, Timaru ",Request timed out
"9 Rose Street, Parkside, Timaru ",Request timed out
"143 King Street, Redruth, Timaru ",Request timed out
"17 Leckie Street, Redruth, Timaru ",Request timed out
"4 Harris Street, Geraldine ",Request timed out
"17A Baker Street, West End, Timaru ",Request timed out
"80A Cox Street, Geraldine ",Request timed out
"23 Carlisle Place, Marchwiel, Timaru ",Request timed out
"9 Pukatea Street, Glenwood, Timaru ",Request timed out
"16 Matai Crescent, Highfield, Timaru ",Request timed out
"226 Otipua Road, West End, Timaru ",Request timed out
"34 Cook Street, Oceanview, Timaru ",Request timed out
"2 Hewlings Street, Seaview, Timaru ",Request timed out
"10 Clyde Street, Seaview, Timaru ",Request timed out
"4 Harper Street, Parkside, Timaru ",Request timed out
"20 Elgin Street, Normanby ",Request timed out
"111 King Street, Kensington, Timaru ",Request timed out
"19 Taylor Street, Kensington, Timaru ",Request timed out
"37 Queen Street, Parkside, Timaru ",Request timed out
"16 Wilmshurst Road, Temuka ",Request timed out
"257 Muff Road, Orari ",Request timed out
"399 Milford Clandeboye Road, Milford ",Request timed out
"16 Hassall Street, Parkside, Timaru ",Request timed out
"14 Cascade Place, Geraldine ",Request timed out
"29 King Street, Pareora ",Request timed out
"21 Coles Street, Geraldine ",Request timed out
"173 Pages Road, Marchwiel, Timaru ",Request timed out
"15 Carlisle Place, Marchwiel, Timaru ",Request timed out
"171 Morgans Road, Marchwiel, Timaru ",Request timed out
"31 Glenwood Avenue, Highfield, Timaru ",Request timed out
"17 Collingwood Street, Highfield, Timaru ",Request timed out
"43 Coonoor Road, Watlington, Timaru ",Request timed out
"37 Cox Street, Geraldine ",Request timed out
"10 Rose Street, Parkside, Timaru ",Request timed out
"26 Rose Street, Parkside, Timaru ",Request timed out
"21 Royal Street, Kensington, Timaru ",Request timed out
"22 Marston Road, Kensington, Timaru ",Request timed out
"18 Cass Street, Temuka ",Request timed out
"53 Studholme Street, Temuka ",Request timed out
"69 Waitui Drive, Geraldine Downs ",Request timed out
"15 Tancred Street, Geraldine ",Request timed out
"205 Young Road, Waitohi ",Request timed out
"10 Lachlan Place, Marchwiel, Timaru ",Request timed out
"29 Glenwood Avenue, Highfield, Timaru ",Request timed out
"20 Kiwi Drive, Highfield, Timaru ",Request timed out
"39 Matai Crescent, Highfield, Timaru ",Request timed out
"41 Rugby Street, Highfield, Timaru ",Request timed out
"11 Harborough Street, Watlington, Timaru ",Request timed out
"16 Market Street, Watlington, Timaru ",Request timed out
"53 Beaconsfield Road, Fairview ",Request timed out
"15 Canon Street, Timaru ",Request timed out
"11 Rose Street, Parkside, Timaru ",Request timed out
"34 High Street, Parkside, Timaru ",Request timed out
"12 Guild Road, Temuka ",Request timed out
"17 Martin Street, Washdyke, Timaru ",Request timed out
"151 Downs Road, Geraldine Downs ",Request timed out
"71 Kennedy Street, Geraldine ",Request timed out
"175 Stafford Street, Timaru ",Request timed out
"4A St Johns Avenue, Highfield, Timaru ",Request timed out
"253 Cliffs Road, Claremont ",Request timed out
"65 Poplar Street, Gleniti, Timaru ",Request timed out
"14 Maryburn Place, Gleniti, Timaru ",Request timed out
"10 Claremont Road, Gleniti, Timaru ",Request timed out
"30 Tekapo Street, Glenwood, Timaru ",Request timed out
"39 Cartwrights Road, Washdyke Flat ",Request timed out
"137 Douglas Street, Highfield, Timaru ",Request timed out
"13 Matai Crescent, Highfield, Timaru ",Request timed out
"3 Grange Close, Marchwiel, Timaru ",Request timed out
"4 Grange Close, Marchwiel, Timaru ",Request timed out
"34 Grants Road, Marchwiel, Timaru ",Request timed out
"13 Matilda Street, Seaview, Timaru ",Request timed out
"10 Coles Street, Geraldine ",Request timed out
"14 Moore Street, Waimataitai, Timaru ",Request timed out
"25 Cass Street, Temuka ",Request timed out
"261 Milford Lagoon Road, Milford ",Request timed out
"22 Hazelburn Road, Hazelburn ",Request timed out
"33 Greig Street, Pleasant Point ",Request timed out
"22 Benmore Street, Glenwood, Timaru ",Request timed out
"25 Puriri Street, Highfield, Timaru ",Request timed out
"10 Lindsay Street, Marchwiel, Timaru ",Request timed out
"13 Hartley Crescent, Marchwiel, Timaru ",Request timed out
"213 Selwyn Street, Marchwiel, Timaru ",Request timed out
"31 Quarry Road, Watlington, Timaru ",Request timed out
"21 Beverley Hill, Maori Hill, Timaru ",Request timed out
"16 Canada Street, Watlington, Timaru ",Request timed out
"56 Barrett Road, Seadown ",Request timed out
"135 Waitohi Pleasant Point Road, Waitohi ",Request timed out
"49 Connolly Street, Geraldine ",Request timed out
"24 Canon Street, Timaru ",Request timed out
"36 Holland Street, Temuka ",Request timed out
"10 Rimu Street, Pleasant Point ",Request timed out
"11 MacDonald Street, Geraldine ",Request timed out
"220 Mullvihill Road, Kakahu ",Request timed out
"16 Matai Street, Pleasant Point ",Request timed out
"15 Hillview Place, Pleasant Point ",Request timed out
"40 Harris Street, Pleasant Point ",Request timed out
"105 Rosewill Valley Road, Washdyke Flat ",Request timed out
"53 Mountain View Road, Glenwood, Timaru ",Request timed out
"82 Kennels Road, Washdyke, Timaru ",Request timed out
"84 Grants Road, Marchwiel, Timaru ",Request timed out
"33 Maple Crescent, Watlington, Timaru ",Request timed out
"34 Mahoneys Hill Road, Oceanview, Timaru ",Request timed out
"15 Tay Street, Waimataitai, Timaru ",Request timed out
"10 Maple Crescent, Watlington, Timaru ",Request timed out
"14 Hassall Street, Parkside, Timaru ",Request timed out
"49 College Road, Parkside, Timaru ",Request timed out
"20 Taylor Street, Geraldine ",Request timed out
"10 Buchanan Street, Parkside, Timaru ",Request timed out
"43A Marston Road, Kensington, Timaru ",Request timed out
"19 Hally Terrace, Temuka ",Request timed out
"51 Richard Pearse Drive, Temuka ",Request timed out
"62 Wilkin Street, Temuka ",Request timed out
"46 Raymond Street, West End, Timaru ",Request timed out
"19 Hall Street, Timaru Port, Timaru ",Request timed out
"11A Sefton Street, Timaru ",Request timed out
"170 Stafford Street, Timaru ",Request timed out
"32 Te Ngawai Road, Pleasant Point ",Request timed out
"21 Horton Street, Pleasant Point ",Request timed out
"28 Carlisle Place, Marchwiel, Timaru ",Request timed out
"36A Barnes Street, Glenwood, Timaru ",Request timed out
"19A Guinness Street, Highfield, Timaru ",Request timed out
"46 Rathmore Street, West End, Timaru ",Request timed out
"36 Maslin Street, Geraldine ",Request timed out
"25 Cook Street, Oceanview, Timaru ",Request timed out
"56 Mahoneys Hill Road, Oceanview, Timaru ",Request timed out
"30 Grasmere Street, Waimataitai, Timaru ",Request timed out
"84 Elizabeth Street, Seaview, Timaru ",Request timed out
"167 North Street, West End, Timaru ",Request timed out
"8 Clifton Terrace, West End, Timaru ",Request timed out
"35 Campbell Street, Geraldine ",Request timed out
"21 Bank Street, Timaru ",Request timed out
"145 Temuka-Orari Highway, Winchester ",Request timed out
"3 Albert Terrace, Winchester ",Request timed out
"23 Grange Settlement Road, Temuka ",Request timed out
"16 Maude Street, Temuka ",Request timed out
"2/6 Studholme Street, Temuka ",Request timed out
"26 Factory Road, Temuka ",Request timed out
"10 Lancewood Terrace, Oceanview, Timaru ",Request timed out
"36 Holmglen Street, Washdyke, Timaru ",Request timed out
"19 Lancaster Street, Geraldine ",Request timed out
"12A Marchwiel Street, Marchwiel, Timaru ",Request timed out
"7A James Street, Kensington, Timaru ",Request timed out
"36 Horton Street, Pleasant Point ",Request timed out
"14 Anne Street, Cave ",Request timed out
"18 Stratheona Road, Pleasant Point ",Request timed out
"24 Baker Street, West End, Timaru ",Request timed out
"823 Opihi Road, Totara Valley ",Request timed out
"28A Preston Street, West End, Timaru ",Request timed out
"9 Maryburn Place, Gleniti, Timaru ",Request timed out
"26 Mountain View Road, Glenwood, Timaru ",Request timed out
"30 MacAulay Street, Gleniti, Timaru ",Request timed out
"114 Orbell Street, Glenwood, Timaru ",Request timed out
"27 Barnes Street, Glenwood, Timaru ",Request timed out
"14 Collingwood Street, Highfield, Timaru ",Request timed out
"24 Seddon Street, Highfield, Timaru ",Request timed out
"31 Kelvin Street, Marchwiel, Timaru ",Request timed out
"21 Rolleston Street, Watlington, Timaru ",Request timed out
"35 Regent Street, West End, Timaru ",Request timed out
"56 Racecourse Road, Washdyke, Timaru ",Request timed out
"72 Hilton Highway, Washdyke, Timaru ",Request timed out
"30 Wallace Street, Kensington, Timaru ",Request timed out
"43 Connolly Street, Geraldine ",Request timed out
"20 The Terrace, Timaru ",Request timed out
"11 Church Street, Timaru ",Request timed out
"21 Hassall Street, Parkside, Timaru ",Request timed out
"28 Arthur Street, Timaru ",Request timed out
"20 Marston Road, Kensington, Timaru ",Request timed out
"3 Princes Street, Parkside, Timaru ",Request timed out
"35 Cambridge Street, Kensington, Timaru ",Request timed out
"11 Donald Street, Temuka ",Request timed out
"11 Maude Street, Temuka ",Request timed out
"396 Milford Clandeboye Road, Milford ",Request timed out
"199 Stafford Street, Timaru ",Request timed out
"140 Main Road, Pleasant Point ",Request timed out
"9 Lancewood Terrace, Oceanview, Timaru ",Request timed out
"213 Seven Sisters Road, Waitohi ",Request timed out
"25 Rimu Street, Glenwood, Timaru ",Request timed out
"49 Arun Street, Marchwiel, Timaru ",Request timed out
"15 Rugby Street, Highfield, Timaru ",Request timed out
"15 Grange Close, Marchwiel, Timaru ",Request timed out
"25 Hatton Street, West End, Timaru ",Request timed out
"36 Talbot Street, Geraldine ",Request timed out
"17 Hobbs Street, Waimataitai, Timaru ",Request timed out
"34 MacDonald Street, Waimataitai, Timaru ",Request timed out
"15 Cameron Street, Seaview, Timaru ",Request timed out
"38 Trafalgar Street, Maori Hill, Timaru ",Request timed out
"68 Wilson Street, Seaview, Timaru ",Request timed out
"14 Le Cren Street, Seaview, Timaru ",Request timed out
"8 Harper Street, Parkside, Timaru ",Request timed out
"18 McKenzie Street, Geraldine ",Request timed out
"41 Main North Road, Geraldine ",Request timed out
"23 Campbell Street, Geraldine ",Request timed out
"34 Campbell Street, Geraldine ",Request timed out
"32 Marston Road, Kensington, Timaru ",Request timed out
"36 Catherine Street, Parkside, Timaru ",Request timed out
"109 King Street, Temuka ",Request timed out
"20 Hamilton Street, Temuka ",Request timed out
"11 Harris Place, Temuka ",Request timed out
"17 Harris Place, Temuka ",Request timed out
"2/12A Nile Street, Highfield, Timaru ",Request timed out
"17A Tawa Street, Glenwood, Timaru ",Request timed out
"31B Cook Street, Oceanview, Timaru ",Request timed out
"25A George Street, Geraldine ",Request timed out
"19 Majors Road, Geraldine ",Request timed out
"10 Runa Terrace, Pleasant Point ",Request timed out
"1 Harris Street, Pleasant Point ",Request timed out
"154 Driscoll Road, Levels Valley ",Request timed out
"18 Waimarie Road, Woodbury ",Request timed out
"122 Richard Pearse Drive, Temuka ",Request timed out
"14 Grasmere Street, Waimataitai, Timaru ",Request timed out
"1/72 Hayhurst Street North, Temuka ",Request timed out
"50 Kauri Street, Highfield, Timaru ",Request timed out
"156 Otipua Road, Watlington, Timaru ",Request timed out
"49 Maude Street, Temuka ",Request timed out
"10 Meadowstone Street, Gleniti, Timaru ",Request timed out
"78A Douglas Street, Highfield, Timaru ",Request timed out
"55 Barnes Street, Glenwood, Timaru ",Request timed out
"106 Lynch Road, Levels ",Request timed out
"39 Marston Road, Kensington, Timaru ",Request timed out
"1 Thomas Street, Temuka ",Request timed out
"408 Pages Road, Gleniti, Timaru ",Request timed out
"49A Morgans Road, Glenwood, Timaru ",Request timed out
"16 Hillview Place, Pleasant Point ",Request timed out
"24 Pringle Street, Waimataitai, Timaru ",Request timed out
"11 Wilson Street, Seaview, Timaru ",Request timed out
"14 Grey Road, Timaru ",Request timed out
"11 Browning Street, Winchester ",Request timed out
"94 Stafford Street, Timaru ",Request timed out
"365 Pleasant Valley Road, Geraldine ",Request timed out
"174 Opihi Terrace Road, Waitohi ",Request timed out
"12 Waipori Place, Glenwood, Timaru ",Request timed out
"27 Pukatea Street, Glenwood, Timaru ",Request timed out
"16 Cornwall Street, Watlington, Timaru ",Request timed out
"9 Randwick Place, Washdyke, Timaru ",Request timed out
"53 Hassall Street, Parkside, Timaru ",Request timed out
"24 Taylor Street, Geraldine ",Request timed out
"19 Stewart Road, Orari ",Request timed out
"10 Mellish Street, Rangitata ",Request timed out
"451 Timaru-Temuka Highway, Levels ",Request timed out
"11A Morgans Road, Glenwood, Timaru ",Request timed out
"14 Grosvenor Grange, Gleniti, Timaru ",Request timed out
"20 Gualter Road, Kakahu ",Request timed out
"52 Lookout Road, Peel Forest ",Request timed out
"5 North Terrace Road, Geraldine ",Request timed out
"126 Tiplady Road, Geraldine Flat ",Request timed out
"15 Hawkey Street, Kensington, Timaru ",Request timed out
"36 Marston Road, Kensington, Timaru ",Request timed out
"53 Wilkin Street, Temuka ",Request timed out
"60 Princes Street, Temuka ",Request timed out
"26 Seddon Street, Temuka ",Request timed out
"41 Cain Street, Parkside, Timaru ",Request timed out
"8 Harris Street, Geraldine ",Request timed out
"1B Wilmshurst Road, Temuka ",Request timed out
"356 Claremont Road, Claremont ",Request timed out
"139 Main Road, Pleasant Point ",Request timed out
"22 Harris Street, Pleasant Point ",Request timed out
"22 Halstead Road, Pleasant Point ",Request timed out
"221 Driscoll Road, Levels Valley ",Request timed out
"24 Maltby Avenue, West End, Timaru ",Request timed out
"24 Regent Street, West End, Timaru ",Request timed out
"28 Somerset Street, Watlington, Timaru ",Request timed out
"29 Sefton Street, Seaview, Timaru ",Request timed out
"76 Church Street, Seaview, Timaru ",Request timed out
"151 Main North Road, Orari Bridge ",Request timed out
"12 Maling Street, Geraldine ",Request timed out
"17 Maling Street, Geraldine ",Request timed out
"714 Timaru-Temuka Highway, Kerrytown ",Request timed out
"36 Turnbull Street, Timaru ",Request timed out
"33 Cass Street, Temuka ",Request timed out
"151 Temuka-Orari Highway, Winchester ",Request timed out
"11 St Leonards Road, Temuka ",Request timed out
"16 Mere Mere Street, Seaview, Timaru ",Request timed out
"4/12 Douglas Street, Highfield, Timaru ",Request timed out
"1/6 Trafalgar Street, Maori Hill, Timaru ",Request timed out
"3 Hawthorn Place, Gleniti, Timaru ",Request timed out
"10 Roxburgh Street, Glenwood, Timaru ",Request timed out
"10 Hinau Place, Glenwood, Timaru ",Request timed out
"19 Rocky Hundreds Road, Fairview ",Request timed out
"55 Kelvin Street, Marchwiel, Timaru ",Request timed out
"61 Andrew Street, Marchwiel, Timaru ",Request timed out
"11 St Johns Avenue, Highfield, Timaru ",Request timed out
"20 Marchwiel Street, Marchwiel, Timaru ",Request timed out
"31 Brenda Street, Kensington, Timaru ",Request timed out
"19 Strathallan Street, Timaru ",Request timed out
"16 Rothwell Street, Redruth, Timaru ",Request timed out
"17 Donald Street, Temuka ",Request timed out
"26 Princes Street, Temuka ",Request timed out
"14 Maddren Street, Winchester ",Request timed out
"41 Hislop Street, Geraldine ",Request timed out
"2/5 Harper Street, Parkside, Timaru ",Request timed out
"78 Kerrytown Road, Kerrytown ",Request timed out
"14 Rimu Street, Highfield, Timaru ",Request timed out
"52 Rathmore Street, West End, Timaru ",Request timed out
"34 Ascot Street, Washdyke, Timaru ",Request timed out
"41 Beverley Road, Maori Hill, Timaru ",Request timed out
"25 Market Street, Watlington, Timaru ",Request timed out
"34 William Street, Parkside, Timaru ",Request timed out
"37 Maude Street, Temuka ",Request timed out
"24 Davey Road, Milford ",Request timed out
"48 Guscott Road, Pareora West ",Request timed out
"84 Manse Road, Pleasant Point ",Request timed out
"12 Maryburn Place, Gleniti, Timaru ",Request timed out
"12 Hawea Street, Glenwood, Timaru ",Request timed out
"10A Campbell Street, Maori Hill, Timaru ",Request timed out
"36A Newton Street, Watlington, Timaru ",Request timed out
"206 Pages Road, Marchwiel, Timaru ",Request timed out
"1/19A Evans Street, Maori Hill, Timaru ",Request timed out
"11 Bristol Street, Pareora ",Request timed out
"19 Maltby Avenue, West End, Timaru ",Request timed out
"25 Rolleston Street, Watlington, Timaru ",Request timed out
"44 Coonoor Road, Watlington, Timaru ",Request timed out
"6 Peel Street, Geraldine ",Request timed out
"109 Talbot Street, Geraldine ",Request timed out
"177 Talbot Street, Geraldine ",Request timed out
"13 Hobbs Street, Waimataitai, Timaru ",Request timed out
"11 Cain Street, Parkside, Timaru ",Request timed out
"18 Matilda Street, Seaview, Timaru ",Request timed out
"11 Richards Place, Kensington, Timaru ",Request timed out
"34 Grey Road, Timaru ",Request timed out
"148 Beeby Road, Orari ",Request timed out
"259 King Street, Temuka ",Request timed out
"35 Birkett Street, Temuka ",Request timed out
"25 Hamilton Street, Temuka ",Request timed out
"17 Bridge Street, Temuka ",Request timed out
"20 Cardiff Street, Marchwiel, Timaru ",Request timed out
"111 Mowat Road, Hazelburn ",Request timed out
"13 Te Ngawai Road, Pleasant Point ",Request timed out
"12 MacAulay Street, Gleniti, Timaru ",Request timed out
"42 Hopkins Street, Gleniti, Timaru ",Request timed out
"295 Wai-Iti Road, Glenwood, Timaru ",Request timed out
"30 Kowhai Street, Highfield, Timaru ",Request timed out
"10 Ranfurly Street, West End, Timaru ",Request timed out
"14 Maltby Avenue, West End, Timaru ",Request timed out
"73 Coonoor Road, Watlington, Timaru ",Request timed out
"19 Royal Street, Kensington, Timaru ",Request timed out
"40 Catherine Street, Parkside, Timaru ",Request timed out
"24 Maddren Street, Winchester ",Request timed out
"4/95 Avenue Road, West End, Timaru ",Request timed out
"50 Sheffield Street, Washdyke, Timaru ",Request timed out
"6 North Town Belt, Temuka ",Request timed out
"34 Greig Street, Pleasant Point ",Request timed out
"11 Willow Place, Gleniti, Timaru ",Request timed out
"123 Orbell Street, Glenwood, Timaru ",Request timed out
"16 Waitaki Street, Glenwood, Timaru ",Request timed out
"7 Tekapo Street, Glenwood, Timaru ",Request timed out
"266 Beaconsfield Road, Fairview ",Request timed out
"16 Hartley Crescent, Marchwiel, Timaru ",Request timed out
"24 Marchwiel Street, Marchwiel, Timaru ",Request timed out
"12 Guthrie Street, West End, Timaru ",Request timed out
"15 Harborough Street, Watlington, Timaru ",Request timed out
"23 Darby Street, Geraldine ",Request timed out
"38 Bouverie Street, Waimataitai, Timaru ",Request timed out
"10A Te Weka Street, Maori Hill, Timaru ",Request timed out
"23 Harper Street, Parkside, Timaru ",Request timed out
"43 Main North Road, Geraldine ",Request timed out
"5 John Street, Temuka ",Request timed out
"47 Beeby Road, Orari ",Request timed out
"14 Matai Street, Pleasant Point ",Request timed out
"10 Harris Street, Pleasant Point ",Request timed out
"50 Kabul Street, Pleasant Point ",Request timed out
"81 Opihi Terrace Road, Waitohi ",Request timed out
"26 Huxley Street, Gleniti, Timaru ",Request timed out
"151 Morgans Road, Marchwiel, Timaru ",Request timed out
"17 Lachlan Place, Marchwiel, Timaru ",Request timed out
"18 Rolleston Street, Watlington, Timaru ",Request timed out
"26 Grasmere Street, Waimataitai, Timaru ",Request timed out
"14 Cain Street, Parkside, Timaru ",Request timed out
"29 Mowbray Street, Watlington, Timaru ",Request timed out
"9 Shaw Street, Redruth, Timaru ",Request timed out
"19 Hunt Street, Seaview, Timaru ",Request timed out
"47 Cass Street, Temuka ",Request timed out
"20 Catherine Street, Parkside, Timaru ",Request timed out
"15 Hall Street, Timaru Port, Timaru ",Request timed out
"7 Hunter Hills Drive, Gleniti, Timaru ",Request timed out
"3 Coles Street, Geraldine ",Request timed out
"11 Grange Close, Marchwiel, Timaru ",Request timed out
"26 Matai Street, Pleasant Point ",Request timed out
"416 Landsborough Road, Otipua Creek ",Request timed out
"14 Konini Street, Gleniti, Timaru ",Request timed out
"211 Geraldine-Fairlie Highway, Geraldine Flat ",Request timed out
"10 Morgans Road, Glenwood, Timaru ",Request timed out
"16 Elloughton Crescent, Marchwiel, Timaru ",Request timed out
"28 Stenhouse Drive, Marchwiel, Timaru ",Request timed out
"44 Kitchener Square, Highfield, Timaru ",Request timed out
"11 Craigie Road, Pareora ",Request timed out
"27 Marchwiel Street, Marchwiel, Timaru ",Request timed out
"57 Hobbs Street, Waimataitai, Timaru ",Request timed out
"17 Maltby Avenue, West End, Timaru ",Request timed out
"184A Otipua Road, West End, Timaru ",Request timed out
"13 Randwick Place, Washdyke, Timaru ",Request timed out
"2 Andrew Street, Waimataitai, Timaru ",Request timed out
"43 Woodlands Road, Parkside, Timaru ",Request timed out
"47 Campbell Street, Geraldine ",Request timed out
"7 Williamson Place, Geraldine ",Request timed out
"37 Marston Road, Kensington, Timaru ",Request timed out
"39 Hamilton Street, Temuka ",Request timed out
"38 Ward Road, Milford ",Request timed out
"3/35 Thomas Street, Temuka ",Request timed out
"253 Milford Lagoon Road, Milford ",Request timed out
"47 MacAulay Street, Gleniti, Timaru ",Request timed out
"13 Balmoral Street, Marchwiel, Timaru ",Request timed out
"2 Hillsden Place, Glenwood, Timaru ",Request timed out
"27 Grange Close, Marchwiel, Timaru ",Request timed out
"27 Grasmere Street, Waimataitai, Timaru ",Request timed out
"43 Maltby Avenue, West End, Timaru ",Request timed out
"18 Flemington Street, Washdyke, Timaru ",Request timed out
"10 Cameron Street, Seaview, Timaru ",Request timed out
"11 Nelson Terrace, Seaview, Timaru ",Request timed out
"12 Wilson Street, Seaview, Timaru ",Request timed out
"22 Harper Street, Parkside, Timaru ",Request timed out
"4 Clifton Terrace, West End, Timaru ",Request timed out
"46 Mowbray Street, Watlington, Timaru ",Request timed out
"12 William Street, Normanby ",Request timed out
"14 Hewlings Street, Seaview, Timaru ",Request timed out
"12 Rose Street, Parkside, Timaru ",Request timed out
"8 Royal Street, Kensington, Timaru ",Request timed out
"29 Hopkinson Road, Temuka ",Request timed out
"26 Maddren Street, Winchester ",Request timed out
"35 Hayhurst Street, Temuka ",Request timed out
"23 Lazarette Loop, Gleniti, Timaru ",Request timed out
"5 North Street, Winchester ",Request timed out
"15 Grey Road, Timaru ",Request timed out
"9 Bridge Street, Temuka ",Request timed out
"38 Arun Street, Marchwiel, Timaru ",Request timed out
"17 Kiwi Drive, Highfield, Timaru ",Request timed out
"6 Chalmers Street, Highfield, Timaru ",Request timed out
"29 Raymond Street, West End, Timaru ",Request timed out
"9 Forest Road, Geraldine ",Request timed out
"28 Huffey Street, Geraldine ",Request timed out
"11 Grants Road, Marchwiel, Timaru ",Request timed out
"38 Cook Street, Oceanview, Timaru ",Request timed out
"100 Le Cren Street, Seaview, Timaru ",Request timed out
"11 Baker Street, West End, Timaru ",Request timed out
"21 Harper Street, Parkside, Timaru ",Request timed out
"63 Otipua Road, Kensington, Timaru ",Request timed out
"23 Maling Street, Geraldine ",Request timed out
"15 Seddon Street, Temuka ",Request timed out
"69 Main North Road, Geraldine ",Request timed out
"311 Mount Gay Road, Hazelburn ",Request timed out
"463 Main Waitohi Road, Waitohi ",Request timed out
"59 Hayes Street, Timaru Port, Timaru ",Request timed out
"250 Te Moana Road, Pleasant Valley ",Request timed out
"137 Morgans Road, Marchwiel, Timaru ",Request timed out
"12 Aviemore Street, Glenwood, Timaru ",Request timed out
"20A Glenwood Avenue, Highfield, Timaru ",Request timed out
"30 Monowai Place, Glenwood, Timaru ",Request timed out
"11 Maltby Avenue, West End, Timaru ",Request timed out
"18 Cornwall Street, Watlington, Timaru ",Request timed out
"28 MacDonald Street, Waimataitai, Timaru ",Request timed out
"48 Hassall Street, Parkside, Timaru ",Request timed out
"59 College Road, Parkside, Timaru ",Request timed out
"23 Lancaster Street, Geraldine ",Request timed out
"18 Rothwell Street, Redruth, Timaru ",Request timed out
"7 Wilkin Street, Temuka ",Request timed out
"17 Maude Street, Temuka ",Request timed out
"100 Princes Street, Temuka ",Request timed out
"18 Coulter Place, Geraldine ",Request timed out
"7A Roxburgh Street, Glenwood, Timaru ",Request timed out
"199 Waitui Drive, Geraldine Downs ",Request timed out
"107 Tripp Settlement Road, Orari Bridge ",Request timed out
"33 Seadown Road, Washdyke, Timaru ",Request timed out
"12 Tawa Street, Glenwood, Timaru ",Request timed out
"22 Pukatea Street, Glenwood, Timaru ",Request timed out
"14 Clifford Street, Pareora ",Request timed out
"12 Guilford Road, Geraldine Downs ",Request timed out
"12 Killick Place, Marchwiel, Timaru ",Request timed out
"13 Maltby Avenue, West End, Timaru ",Request timed out
"18 MacDonald Street, Geraldine ",Request timed out
"101 Talbot Street, Geraldine ",Request timed out
"29 South Terrace Road, Geraldine ",Request timed out
"5 Kennedy Street, Geraldine ",Request timed out
"11 Tasman Street, Oceanview, Timaru ",Request timed out
"5 Bidwill Street, Seaview, Timaru ",Request timed out
"11 Woodlands Road, Parkside, Timaru ",Request timed out
"12 Maple Crescent, Watlington, Timaru ",Request timed out
"38 Matilda Street, Seaview, Timaru ",Request timed out
"14A Royal Arcade, Timaru ",Request timed out
"18 College Road, Parkside, Timaru ",Request timed out
"3 Collins Street, Kensington, Timaru ",Request timed out
"10 Lennox Street, Winchester ",Request timed out
"22 Whitcombe Street, Temuka ",Request timed out
"45 Maude Street, Temuka ",Request timed out
"31 Ormsby Street, Temuka ",Request timed out
"3 Hayhurst Street, Temuka ",Request timed out
"14 Bridge Street, Temuka ",Request timed out
"50 Majors Road, Geraldine ",Request timed out
"50 Maltby Avenue, West End, Timaru ",Request timed out
"164 Daniels Road, Normanby ",Request timed out
"22 Gresham Street, Geraldine ",Request timed out
"11 Cascade Place, Geraldine ",Request timed out
"214 Stafford Street, Timaru ",Request timed out
"6 Broadway Avenue, Highfield, Timaru ",Request timed out
"246 Church Street, West End, Timaru ",Request timed out
"8 St George Street, Watlington, Timaru ",Request timed out
"40 Cook Street, Oceanview, Timaru ",Request timed out
"47 Grants Road, Marchwiel, Timaru ",Request timed out
"21 MacDonald Street, Waimataitai, Timaru ",Request timed out
"14 Canada Street, Watlington, Timaru ",Request timed out
"50 Arthur Street, Seaview, Timaru ",Request timed out
"39 Maude Street, Temuka ",Request timed out
"26 Connolly Street, Geraldine ",Request timed out
"71 Connolly Street, Geraldine ",Request timed out
"10 Beswick Street, Timaru ",Request timed out
"14 Royal Arcade, Timaru ",Request timed out
"23 Hassall Street, Parkside, Timaru ",Request timed out
"33 North Street, Timaru ",Request timed out
"16 Flinders Street, Kensington, Timaru ",Request timed out
"25 Davie Street, Temuka ",Request timed out
"60 Hayhurst Street North, Temuka ",Request timed out
"12 Maude Street, Temuka ",Request timed out
"20 Guise Street, Temuka ",Request timed out
"55 Hornbrook Street, Temuka ",Request timed out
"55 Kerrytown Road, Kerrytown ",Request timed out
"180 Milford Lagoon Road, Milford ",Request timed out
"8 Totara Place, Highfield, Timaru ",Request timed out
"233 Otipua Road, Highfield, Timaru ",Request timed out
"37 Hill View Crescent, Highfield, Timaru ",Request timed out
"19 Hartley Crescent, Marchwiel, Timaru ",Request timed out
"15 St George Street, Watlington, Timaru ",Request timed out
"18 Coonoor Road, Watlington, Timaru ",Request timed out
"36 Wilson Street, Geraldine ",Request timed out
"35A Cook Street, Oceanview, Timaru ",Request timed out
"4 Roslyn Terrace, West End, Timaru ",Request timed out
"115 Church Street, Seaview, Timaru ",Request timed out
"18 Brunswick Street, Seaview, Timaru ",Request timed out
"23 Otipua Road, Kensington, Timaru ",Request timed out
"31 Market Street, Watlington, Timaru ",Request timed out
"27 Queen Street, Parkside, Timaru ",Request timed out
"42 High Street, Parkside, Timaru ",Request timed out
"41 St Leonards Road, Temuka ",Request timed out
"11 Maddren Street, Winchester ",Request timed out
"20 Neal Street, Temuka ",Request timed out
"10 Hamilton Street, Temuka ",Request timed out
"16 Coulter Place, Geraldine ",Request timed out
"2/132 North Street, Seaview, Timaru ",Request timed out
"20 Harris Street, Pleasant Point ",Request timed out
"335A Church Street, West End, Timaru ",Request timed out
"11A Marchwiel Street, Marchwiel, Timaru ",Request timed out
"223 White Road, Milford ",Request timed out
"38 Lazarette Loop, Gleniti, Timaru ",Request timed out
"11 Brenda Street, Kensington, Timaru ",Request timed out
"15 Harris Street, Pleasant Point ",Request timed out
"27 Harris Street, Pleasant Point ",Request timed out
"64 Mountain View Road, Glenwood, Timaru ",Request timed out
"65 Pages Road, Marchwiel, Timaru ",Request timed out
"19 Broadway Avenue, Highfield, Timaru ",Request timed out
"50 Douglas Street, Highfield, Timaru ",Request timed out
"9 Barker Street, Geraldine ",Request timed out
"43 Cox Street, Geraldine ",Request timed out
"117 Hilton Highway, Washdyke, Timaru ",Request timed out
"16 White Street, Waimataitai, Timaru ",Request timed out
"21 Maple Crescent, Watlington, Timaru ",Request timed out
"20 Market Street, Watlington, Timaru ",Request timed out
"16 Connolly Street, Geraldine ",Request timed out
"55 Main North Road, Geraldine ",Request timed out
"38 Campbell Street, Geraldine ",Request timed out
"9 Halstead Road, Pleasant Point",Request timed out
"1 Pages Road, Marchwiel, Timaru",Request timed out
"1197 Pleasant Point-Cave Highway, Cave",Request timed out
"205 Stafford Street, Timaru",Request timed out
"16 Peel Street, Geraldine",Request timed out
"35 Springfield Road, Temuka",Request timed out
"169 Stafford Street, Timaru",Request timed out
"21 Harris Street, Pleasant Point",Request timed out
"15 Maddren Street, Winchester",Request timed out
"27 Davey Road, Milford",Request timed out
"182 Geraldine Flat Road, Geraldine Flat",Request timed out
"18 Marchwiel Street, Marchwiel, Timaru",Request timed out
"37 Hally Terrace, Temuka",Request timed out
"162 Otipua Road, Watlington, Timaru",Request timed out
"20 Darby Street, Geraldine",Request timed out
"45 Cox Street, Geraldine",Request timed out
"43 Cambridge Street, Kensington, Timaru",Request timed out
"12 Clifford Street, Pareora",Request timed out
"3 Lough Street, West End, Timaru",Request timed out
"12 Browning Street, Winchester",Request timed out
"136 Palmer Road, Rangitata",Request timed out
"19 Maple Crescent, Watlington, Timaru",Request timed out
"15 Lancaster Street, Geraldine",Request timed out
"19 St George Street, Watlington, Timaru",Request timed out
"6 Cambridge Street, Kensington, Timaru",Request timed out
"29 MacDonald Street, Waimataitai, Timaru",Request timed out
"23 Hornbrook Street, Temuka",Request timed out
"7 Guinness Street, Highfield, Timaru",Request timed out
"35 Rothwell Street, Redruth, Timaru",Request timed out
"37 Hayhurst Street, Temuka",Request timed out
"28 Elizabeth Street, Cave",Request timed out
"16 Cardiff Street, Marchwiel, Timaru",Request timed out
"19 Hinau Place, Glenwood, Timaru",Request timed out
"11 Sherratt Road, Geraldine Downs",Request timed out
"16 Meadows Road, Washdyke, Timaru",Request timed out
"22 Wai-Iti Road, Maori Hill, Timaru",Request timed out
"10 Matilda Street, Seaview, Timaru",Request timed out
"32 Hassall Street, Parkside, Timaru",Request timed out
"14 Maling Street, Geraldine",Request timed out
"14 Marston Road, Kensington, Timaru",Request timed out
"18 Marston Road, Kensington, Timaru",Request timed out
"22 Cambridge Street, Kensington, Timaru",Request timed out
"10 Maddren Street, Winchester",Request timed out
"22 Maude Street, Temuka",Request timed out
"18 Clifford Street, Pareora",Request timed out
"24 Roxburgh Street, Glenwood, Timaru",Request timed out
"18 Maling Street, Geraldine",Request timed out
"81 Connolly Street, Geraldine",Request timed out
"101 Aorangi Road, Washdyke, Timaru",Request timed out
"24 Hayhurst Street, Temuka",Request timed out
"28 Wallingford Road, Temuka",Request timed out
"10 Matai Street, Pleasant Point",Request timed out
"12 Roslyn Terrace, West End, Timaru",Request timed out
"15 Maling Street, Geraldine",Request timed out
"11 Seaforth Settlement Road, Seadown",Request timed out
"20 Halstead Road, Pleasant Point",Request timed out
"26 Campbell Street, Geraldine",Request timed out
"23 Royal Arcade, Timaru",Request timed out
"20 Hinau Place, Glenwood, Timaru",Request timed out
"17 Cartwrights Road, Washdyke Flat",Request timed out
"12 St George Street, Watlington, Timaru",Request timed out
"11 Roslyn Terrace, West End, Timaru",Request timed out
"25 Marston Road, Kensington, Timaru",Request timed out
"20 Rayner Street, Temuka",Request timed out
"57 Harris Street, Pleasant Point",Request timed out
"15 Maryburn Place, Gleniti, Timaru",Request timed out
"30 Canada Street, Watlington, Timaru",Request timed out
"18 Clyde Street, Seaview, Timaru",Request timed out
"4 Browning Street, Winchester",Request timed out
"28 Hayhurst Street, Temuka",Request timed out
"18 Maude Street, Temuka",Request timed out
"20 Hassall Street, Parkside, Timaru",Request timed out
"11 Main Road, Pleasant Point",Request timed out
"11 Carlisle Place, Marchwiel, Timaru",Request timed out
"16 Carlisle Place, Marchwiel, Timaru",Request timed out
"16 Roxburgh Street, Glenwood, Timaru",Request timed out
"10 Peel Street, Geraldine",Request timed out
"36 Bennett Road, Orari Bridge",Request timed out
"51 Campbell Street, Geraldine",Request timed out
"6 Harris Street, Pleasant Point",Request timed out
"22 Kerrytown Road, Levels",Request timed out
"11 Rowan Place, Gleniti, Timaru",Request timed out
"12 Broadway Avenue, Highfield, Timaru",Request timed out
"11 Bank Street, Timaru",Request timed out
"20 Ranui Avenue, Waimataitai, Timaru",Request timed out
"9 Grant Street, Temuka",Request timed out
"11 Campbell Street, Maori Hill, Timaru",Request timed out
"9 Wilson Street, Seaview, Timaru",Request timed out
"37 Cass Street, Temuka",Request timed out
"21 Maude Street, Temuka",Request timed out
"14 Lancewood Terrace, Oceanview, Timaru",Request timed out
"32 Harris Street, Pleasant Point",Request timed out
"396 Pleasant Valley Road, Geraldine Downs",Request timed out
"20 Campbell Street, Geraldine",Request timed out
"189F Le Cren Street, Seaview, Timaru",Request timed out
"15 Matai Crescent, Highfield, Timaru",Request timed out
"24 Cain Street, Parkside, Timaru",Request timed out
"15 Maude Street, Temuka",Request timed out
"11 Martin Street, Washdyke, Timaru",Request timed out
"103 Guscott Road, Pareora West",Request timed out
"18 Stirling Place, Marchwiel, Timaru",Request timed out
"35 Maple Crescent, Watlington, Timaru",Request timed out
"7 Queen Street, Parkside, Timaru",Request timed out
"289 Stafford Street, Timaru",Request timed out
"16 Cambridge Street, Kensington, Timaru",Request timed out
"132 Richard Pearse Drive, Temuka",Request timed out
"15 Stratheona Road, Pleasant Point",Request timed out
"21 Stirling Place, Marchwiel, Timaru",Request timed out
"26 Marchwiel Street, Marchwiel, Timaru",Request timed out
"18 Harris Street, Pleasant Point",Request timed out
"31 Matai Crescent, Highfield, Timaru",Request timed out
"10 Hawkey Street, Kensington, Timaru",Request timed out
"21 Marston Road, Kensington, Timaru",Request timed out
"28 Harris Place, Temuka",Request timed out
"23 Main North Road, Geraldine",Request timed out
"11 Hawkey Street, Kensington, Timaru",Request timed out
"34 Harris Street, Pleasant Point",Request timed out
"14 Baker Street, West End, Timaru",Request timed out
"66 Hunter Hills Drive, Gleniti, Timaru",Request timed out
"15 Rowan Place, Gleniti, Timaru",Request timed out
"41 Matai Crescent, Highfield, Timaru",Request timed out
"33 Harborough Street, Watlington, Timaru",Request timed out
"10 Hayhurst Street, Temuka",Request timed out
"6 Hillsden Place, Glenwood, Timaru",Request timed out
"33 Matai Crescent, Highfield, Timaru",Request timed out
"12 Marston Road, Kensington, Timaru",Request timed out
"41 Marston Road, Kensington, Timaru",Request timed out
"12 Barnes Street, Glenwood, Timaru",Request timed out
"35 MacDonald Street, Waimataitai, Timaru",Request timed out
"66 Pacific Street, Waimataitai, Timaru",Request timed out
"37 Rothwell Street, Redruth, Timaru",Request timed out
"32 Harrison Road, Winchester",Request timed out
"39 Glenwood Avenue, Highfield, Timaru",Request timed out
"17 Matai Crescent, Highfield, Timaru",Request timed out
"15 Rolleston Street, Watlington, Timaru",Request timed out
"10 Canada Street, Watlington, Timaru",Request timed out
"14 Bank Street, Timaru",Request timed out
"15 Sophia Street, Timaru",Request timed out
"14 Lachlan Street, Temuka",Request timed out
"10 Bridge Street, Temuka",Request timed out
"15 Majors Road, Geraldine",Request timed out
"22 Station Street, Timaru",Request timed out
"20 Downs Road, Geraldine",Request timed out
"21 Halstead Road, Pleasant Point",Request timed out
"23 Halstead Road, Pleasant Point",Request timed out
"10 Manse Road, Pleasant Point",Request timed out
"124 Spur Road, Hadlow",Request timed out
"1334 Earl Road, Hilton ",Request timed out
"430 Earl Road, Temuka ",Request timed out
"1 Rhodes Street, Pareora ",Request timed out
"86 King Street, Pareora ",Request timed out
"5 Clyde Street, Seaview, Timaru ",Request timed out
"5 Wilson Street, Seaview, Timaru ",Request timed out
"24 St Leonards Road, Temuka ",Request timed out
"5 Wilkin Street, Temuka ",Request timed out
"11B Marchwiel Street, Marchwiel, Timaru ",Request timed out
"22C Woodlands Road, Parkside, Timaru ",Request timed out
"28 Manse Road, Pleasant Point ",Request timed out
"45 Temple Crescent, Gleniti, Timaru ",Request timed out
"8 Monowai Place, Glenwood, Timaru ",Request timed out
"11 Killick Place, Marchwiel, Timaru ",Request timed out
"30 Devon Street, Watlington, Timaru ",Request timed out
"32 St George Street, Watlington, Timaru ",Request timed out
"124 Temuka-Orari Highway, Winchester ",Request timed out
"5 Richard Street, Winchester ",Request timed out
"36 Darby Street, Geraldine ",Request timed out
"30 Sheep Dip Road, Woodbury ",Request timed out
"991 Taiko Road, Cave ",Request timed out
"35 Park Lane, Highfield, Timaru ",Request timed out
"39 Maltby Avenue, West End, Timaru ",Request timed out
"10 Arthur Street, Timaru ",Request timed out
"16 Rose Street, Parkside, Timaru ",Request timed out
"38 Te Ngawai Road, Pleasant Point ",Request timed out
"142 Mill Road, Kerrytown ",Request timed out
"15 Seddon Street, Highfield, Timaru ",Request timed out
"28 Marchwiel Street, Marchwiel, Timaru ",Request timed out
"11 Ashbury Avenue, Waimataitai, Timaru ",Request timed out
"11 Hatton Street, West End, Timaru ",Request timed out
"17 Jackson Street, West End, Timaru ",Request timed out
"30 Dee Street, Seaview, Timaru ",Request timed out
"10 Connolly Street, Geraldine ",Request timed out
"3 Browning Street, Winchester ",Request timed out
"21 Allnatt Street, Temuka ",Request timed out
"71 Murray Street, Temuka ",Request timed out
"36 Daniels Road, Normanby ",Request timed out
"81 Afghan Street, Pleasant Point ",Request timed out
"155 Keane Road, Levels Valley ",Request timed out
"40 Hopkins Street, Gleniti, Timaru ",Request timed out
"15 Kiwi Drive, Highfield, Timaru ",Request timed out
"130 Coonoor Road, Watlington, Timaru ",Request timed out
"18 Kelvin Street, Marchwiel, Timaru ",Request timed out
"11 Ranfurly Street, West End, Timaru ",Request timed out
"159 Talbot Street, Geraldine ",Request timed out
"45 Cass Street, Temuka ",Request timed out
"51 Hayhurst Street, Temuka ",Request timed out
"68 Wilkin Street, Temuka ",Request timed out
"12 Hayhurst Street, Temuka ",Request timed out
"70 Maori Gully Road, Kakahu ",Request timed out
"24 MacAulay Street, Gleniti, Timaru ",Request timed out
"40 MacAulay Street, Gleniti, Timaru ",Request timed out
"83 Andrew Street, Marchwiel, Timaru ",Request timed out
"102 Cox Street, Geraldine ",Request timed out
"17 Wright Street, Geraldine ",Request timed out
"10 Grasmere Street, Waimataitai, Timaru ",Request timed out
"62 Sefton Street, Seaview, Timaru ",Request timed out
"6 Sealy Street, Temuka ",Request timed out
"71 Racecourse Road, Washdyke, Timaru ",Request timed out
"55 Stafford Street, Timaru ",Request timed out
"20 Matai Street, Pleasant Point ",Request timed out
"250 Horsfall Road, Peel Forest ",Request timed out
"539 North Boundary Road, Arundel ",Request timed out
"42 Kent Street, Marchwiel, Timaru ",Request timed out
"32 Maltby Avenue, West End, Timaru ",Request timed out
"28 Maple Crescent, Watlington, Timaru ",Request timed out
"11 Belfield Street, Waimataitai, Timaru ",Request timed out
"18 MacDonald Street, Waimataitai, Timaru ",Request timed out
"30 MacDonald Street, Waimataitai, Timaru ",Request timed out
"17 Harper Street, Parkside, Timaru ",Request timed out
"24 Aynsley Street, Parkside, Timaru ",Request timed out
"5 Williamson Place, Geraldine ",Request timed out
"12 Wilmshurst Road, Temuka ",Request timed out
"42 Hayhurst Street, Temuka ",Request timed out
"19 Coles Street, Geraldine ",Request timed out
"11 Te Weka Street, Maori Hill, Timaru ",Request timed out
"93 Main North Road, Geraldine ",Request timed out
"20 Ormsby Street, Temuka ",Request timed out
"1055 Seadown Road, Seadown ",Request timed out
"16 Davey Road, Milford ",Request timed out
"30 Gresham Street, Geraldine ",Request timed out
"11 Tawa Street, Glenwood, Timaru ",Request timed out
"29 Benmore Street, Glenwood, Timaru ",Request timed out
"121 Rocky Hundreds Road, Fairview ",Request timed out
"34 Raymond Street, West End, Timaru ",Request timed out
"10 Harborough Street, Watlington, Timaru ",Request timed out
"19 Clyde Carr Crescent, Waimataitai, Timaru ",Request timed out
"82 Luxmoore Road, Marchwiel, Timaru ",Request timed out
"29 Evans Street, Maori Hill, Timaru ",Request timed out
"13 Bridge Street, Temuka ",Request timed out
"2/201 Wai-Iti Road, Highfield, Timaru ",Request timed out
"2/10 Dyson Street, Temuka ",Request timed out
"10 Keen Road, Orari Bridge ",Request timed out
"7 Main Road, Pleasant Point ",Request timed out
"32 Woodbury Road, Orari Bridge ",Request timed out
"1255 Pleasant Point-Cave Highway, Cave ",Request timed out
"89 Main Road, Pleasant Point ",Request timed out
"19 Balmoral Street, Marchwiel, Timaru ",Request timed out
"12 Norwood Street, Waimataitai, Timaru ",Request timed out
"98 North Street, Seaview, Timaru ",Request timed out
"16 Hunter Hills Drive, Gleniti, Timaru ",Request timed out
"13 Lazarette Loop, Gleniti, Timaru ",Request timed out
"9/94 Avenue Road, West End, Timaru ",Request timed out
"177 Mountain View Road, Gleniti, Timaru ",Request timed out
"44 Old North Road, Washdyke Flat ",Request timed out
"3 Waitui Drive, Geraldine ",Request timed out
"11 Maitland Street, Pleasant Point ",Request timed out
"130 Slacks Valley Road, Pleasant Valley ",Request timed out
"32 Stirling Place, Marchwiel, Timaru ",Request timed out
"29 Cornwall Street, Watlington, Timaru ",Request timed out
"300 Hilton Highway, Washdyke, Timaru ",Request timed out
"35 Holmglen Street, Washdyke, Timaru ",Request timed out
"45 Hassall Street, Parkside, Timaru ",Request timed out
"25 Queen Street, Parkside, Timaru ",Request timed out
"5 North Street, Timaru ",Request timed out
"167 Temuka-Orari Highway, Winchester ",Request timed out
"12 Hamilton Street, Temuka ",Request timed out
"51 Maude Street, Temuka ",Request timed out
"27 MacDonald Street, Orari ",Request timed out
"16A Morgans Road, Glenwood, Timaru ",Request timed out
"139D Morgans Road, Marchwiel, Timaru ",Request timed out
"107 The Avenue, Pareora ",Request timed out
"10 Hillview Place, Pleasant Point ",Request timed out
"95 Dobson Street, Gleniti, Timaru ",Request timed out
"1/115 Talbot Street, Geraldine ",Request timed out
"32 Grant Street, Temuka ",Request timed out
"2/6 Harborough Street, Watlington, Timaru ",Request timed out
"12 Morgans Road, Glenwood, Timaru ",Request timed out
"41 Bassett Road, Rosewill ",Request timed out
"11 Hawea Street, Glenwood, Timaru ",Request timed out
"61 Rimu Street, Glenwood, Timaru ",Request timed out
"37 Forth Street, Marchwiel, Timaru ",Request timed out
"29 Maltby Avenue, West End, Timaru ",Request timed out
"31 Maltby Avenue, West End, Timaru ",Request timed out
"11 Market Street, Watlington, Timaru ",Request timed out
"15 Babington Street, Parkside, Timaru ",Request timed out
"18 Catherine Street, Parkside, Timaru ",Request timed out
"39 St Leonards Road, Temuka ",Request timed out
"44 Wallingford Road, Temuka ",Request timed out
"30 St Leonards Road, Temuka ",Request timed out
"22 Seddon Street, Temuka ",Request timed out
"7A Short Street, Marchwiel, Timaru ",Request timed out
"15A Wellington Street, Parkside, Timaru ",Request timed out
"7A Craigie Avenue, Parkside, Timaru ",Request timed out
"10 Havelock Street, Gleniti, Timaru ",Request timed out
"900 Woodbury Road, Woodbury ",Request timed out
"20 MacAulay Street, Gleniti, Timaru ",Request timed out
"227 Douglas Street, Highfield, Timaru ",Request timed out
"13 Craighead Street, Highfield, Timaru ",Request timed out
"33 Seddon Street, Highfield, Timaru ",Request timed out
"52 Matai Crescent, Highfield, Timaru ",Request timed out
"32 Gresham Street, Geraldine ",Request timed out
"28 Kent Street, Marchwiel, Timaru ",Request timed out
"39 Hobbs Street, Waimataitai, Timaru ",Request timed out
"41 Hobbs Street, Waimataitai, Timaru ",Request timed out
"24 Cornwall Street, Watlington, Timaru ",Request timed out
"30 Holmglen Street, Washdyke, Timaru ",Request timed out
"30 Rhodes Street, Parkside, Timaru ",Request timed out
"95 North Street, Seaview, Timaru ",Request timed out
"20 Royal Arcade, Timaru ",Request timed out
"32 Collins Street, Kensington, Timaru ",Request timed out
"62 Rayner Street North, Temuka ",Request timed out
"22 Martin Street, Washdyke, Timaru ",Request timed out
"300 Wallace Road, Rangitata Island ",Request timed out
"871 Arowhenua Road, Kerrytown ",Request timed out
"39 Church Street, Woodbury ",Request timed out
"52 Hayhurst Street, Temuka ",Request timed out
"124 Meadows Road, Washdyke, Timaru ",Request timed out
"27 Main Road, Pleasant Point ",Request timed out
"29 Harris Street, Pleasant Point ",Request timed out
"52 Pukatea Street, Glenwood, Timaru ",Request timed out
"182 Mountain View Road, Gleniti, Timaru ",Request timed out
"30 Stirling Place, Marchwiel, Timaru ",Request timed out
"11 Kowhai Street, Highfield, Timaru ",Request timed out
"20 Waitaki Street, Glenwood, Timaru ",Request timed out
"5 Waitaki Street, Glenwood, Timaru ",Request timed out
"45 Matai Crescent, Highfield, Timaru ",Request timed out
"12 Preston Street, West End, Timaru ",Request timed out
"29 Cox Street, Geraldine ",Request timed out
"213 Ackroyd Road, Temuka ",Request timed out
"12 Grants Road, Marchwiel, Timaru ",Request timed out
"9 Burnett Street, Oceanview, Timaru ",Request timed out
"30 Matilda Street, Seaview, Timaru ",Request timed out
"14 Arthur Street, Timaru ",Request timed out
"16 Marston Road, Kensington, Timaru ",Request timed out
"62 Winchester-Geraldine Road, Temuka ",Request timed out
"252 King Street, Temuka ",Request timed out
"38 Hally Terrace, Temuka ",Request timed out
"44 Hawke Road, Orari ",Request timed out
"17 Hayhurst Street, Temuka ",Request timed out
"2/17A Nelson Terrace, Seaview, Timaru ",Request timed out
"2/69 Wilson Street, Seaview, Timaru ",Request timed out
"94 Pareora Ford Road, Taiko ",Request timed out
"38 Runa Terrace, Pleasant Point ",Request timed out
"29 Main Road, Pleasant Point ",Request timed out
"45 Pukatea Street, Glenwood, Timaru ",Request timed out
"15 Tawa Street, Glenwood, Timaru ",Request timed out
"52 Puriri Street, Glenwood, Timaru ",Request timed out
"110 Luxmoore Road, Marchwiel, Timaru ",Request timed out
"50 Canada Street, Watlington, Timaru ",Request timed out
"107 Talbot Street, Geraldine ",Request timed out
"29 Dampier Street, Oceanview, Timaru ",Request timed out
"15 Hobbs Street, Waimataitai, Timaru ",Request timed out
"71 Beverley Road, Maori Hill, Timaru ",Request timed out
"16 Clifton Terrace, West End, Timaru ",Request timed out
"45 Cain Street, Parkside, Timaru ",Request timed out
"18 Taylor Street, Kensington, Timaru ",Request timed out
"13 Seddon Street, Temuka ",Request timed out
"18 John Street, Temuka ",Request timed out
"51 Alexandra Street, Temuka ",Request timed out
"14A Coonoor Road, Watlington, Timaru ",Request timed out
"7 Talbot Road, Salisbury ",Request timed out
"227 Woodbury Road, Orari Bridge ",Request timed out
"25 Main Road, Pleasant Point ",Request timed out
"15 Heath Street, Gleniti, Timaru ",Request timed out
"16 Rowan Place, Gleniti, Timaru ",Request timed out
"10 Hewlings Street, Geraldine ",Request timed out
"57 Tyne Street, Marchwiel, Timaru ",Request timed out
"49 Canada Street, Watlington, Timaru ",Request timed out
"12 Coonoor Road, Watlington, Timaru ",Request timed out
"48 Newton Street, Watlington, Timaru ",Request timed out
"23 William Street, Normanby ",Request timed out
"14 Beswick Street, Timaru ",Request timed out
"17 Marston Road, Kensington, Timaru ",Request timed out
"61 Marston Road, Kensington, Timaru ",Request timed out
"99 Domain Avenue, Kensington, Timaru ",Request timed out
"10 Browning Street, Winchester ",Request timed out
"14 Hamilton Street, Temuka ",Request timed out
"2 MacAulay Road, Milford ",Request timed out
"7 Birch Street, Gleniti, Timaru ",Request timed out
"105 Dennistoun Road, Peel Forest ",Request timed out
"95B King Street, Kensington, Timaru ",Request timed out
"17 Matai Street, Pleasant Point ",Request timed out
"108 Meadows Road, Washdyke, Timaru ",Request timed out
"20 King Street, Temuka ",Request timed out
"11 Te Ngawai Road, Pleasant Point ",Request timed out
"11 Kabul Street, Pleasant Point ",Request timed out
"36 Gleniti Road, Gleniti, Timaru ",Request timed out
"20 Braemar Place, Marchwiel, Timaru ",Request timed out
"11 Kitchener Square, Highfield, Timaru ",Request timed out
"14 Regent Street, West End, Timaru ",Request timed out
"18 St George Street, Watlington, Timaru ",Request timed out
"10 Cook Street, Oceanview, Timaru ",Request timed out
"13 Grants Road, Marchwiel, Timaru ",Request timed out
"51 MacDonald Street, Waimataitai, Timaru ",Request timed out
"12 Cameron Street, Seaview, Timaru ",Request timed out
"15 Roslyn Terrace, West End, Timaru ",Request timed out
"16 Baker Street, West End, Timaru ",Request timed out
"18 Brenda Street, Kensington, Timaru ",Request timed out
"110 McKenzie Street, Geraldine ",Request timed out
"130 Seadown Road, Washdyke, Timaru ",Request timed out
"21 Latter Street, Timaru ",Request timed out
"9 Talbot Street, Timaru Port, Timaru ",Request timed out
"11 Hopkinson Road, Temuka ",Request timed out
"8 Albert Terrace, Winchester ",Request timed out
"41 Studholme Street, Temuka ",Request timed out
"13 Maude Street, Temuka ",Request timed out
"39 MacDonald Street, Orari ",Request timed out
"169 Scott Road, Winchester ",Request timed out
"42 Mahan Road, Orton ",Request timed out
"1/207 King Street, Temuka ",Request timed out
"22 Temple Crescent, Gleniti, Timaru ",Request timed out
"15 MacAulay Street, Gleniti, Timaru ",Request timed out
"8 Gleniti Road, Gleniti, Timaru ",Request timed out
"58 Levels Plain Road, Levels ",Request timed out
"178 Morgans Road, Marchwiel, Timaru ",Request timed out
"13 Tawa Street, Glenwood, Timaru ",Request timed out
"194 Wai-Iti Road, Highfield, Timaru ",Request timed out
"19 Totara Place, Highfield, Timaru ",Request timed out
"73 Matai Crescent, Highfield, Timaru ",Request timed out
"71 Andrew Street, Marchwiel, Timaru ",Request timed out
"37 Maple Crescent, Watlington, Timaru ",Request timed out
"20 Aynsley Street, Parkside, Timaru ",Request timed out
"9 Wallace Street, Kensington, Timaru ",Request timed out
"15 Main North Road, Geraldine ",Request timed out
"9 Taylor Street, Geraldine ",Request timed out
"20 Bank Street, Timaru ",Request timed out
"21 Cambridge Street, Kensington, Timaru ",Request timed out
"23 Hewlings Place, Temuka ",Request timed out
"16 Hamilton Street, Temuka ",Request timed out
"67 Ormsby Street North, Temuka ",Request timed out
"58 Shaw Street, Temuka ",Request timed out
"13 Shaw Street, Temuka ",Request timed out
"22 Normanby Road, Normanby ",Request timed out
"16A Avenue Road, West End, Timaru ",Request timed out
"10A North Street, Timaru ",Request timed out
"120 Summerleaze Road, Pareora West ",Request timed out
"33 Stirling Place, Marchwiel, Timaru ",Request timed out
"14 Melrose Street, Highfield, Timaru ",Request timed out
"110 Kennels Road, Washdyke, Timaru ",Request timed out
"159 Otipua Road, Watlington, Timaru ",Request timed out
"141 Talbot Street, Geraldine ",Request timed out
"11 Brosnan Road, Levels ",Request timed out
"26 Kennels Road, Levels ",Request timed out
"13 Harper Street, Parkside, Timaru ",Request timed out
"33 Otipua Road, Kensington, Timaru ",Request timed out
"47 Woodlands Road, Parkside, Timaru ",Request timed out
"60 Mowbray Street, Watlington, Timaru ",Request timed out
"19 Connolly Street, Geraldine ",Request timed out
"19 Flatman Crescent, Geraldine ",Request timed out
"21 Campbell Street, Geraldine ",Request timed out
"35 Marston Road, Kensington, Timaru ",Request timed out
"114 Princes Street, Temuka ",Request timed out
"16 Shaw Street, Temuka ",Request timed out
"10 Denmark Street, Temuka ",Request timed out
"12 Mere Mere Street, Seaview, Timaru ",Request timed out
"18A College Road, Parkside, Timaru ",Request timed out
"22A Church Street, Timaru ",Request timed out
"82A High Street, Kensington, Timaru ",Request timed out
"12A Dyson Street, Temuka ",Request timed out
"121 Old Main South Road, Orton ",Request timed out
"75 Marston Road, Kensington, Timaru ",Request timed out
"16 Darby Street, Geraldine ",Request timed out
"12 Halstead Road, Pleasant Point ",Request timed out
"178 Mill Road, Kerrytown ",Request timed out
"15 Hopkins Street, Gleniti, Timaru ",Request timed out
"26 Kauri Street, Highfield, Timaru ",Request timed out
"27 Matai Crescent, Highfield, Timaru ",Request timed out
"42 Matai Crescent, Highfield, Timaru ",Request timed out
"52 Maltby Avenue, West End, Timaru ",Request timed out
"30 Maltby Avenue, West End, Timaru ",Request timed out
"45 Maltby Avenue, West End, Timaru ",Request timed out
"25 Maple Crescent, Watlington, Timaru ",Request timed out
"31 St George Street, Watlington, Timaru ",Request timed out
"22 Le Cren Street, Seaview, Timaru ",Request timed out
"47 Hassall Street, Parkside, Timaru ",Request timed out
"22 Taylor Street, Geraldine ",Request timed out
"16 Climie Terrace, Waimataitai, Timaru ",Request timed out
"10 Royal Street, Kensington, Timaru ",Request timed out
"17 Cambridge Street, Kensington, Timaru ",Request timed out
"22 Royal Street, Kensington, Timaru ",Request timed out
"59 Marston Road, Kensington, Timaru ",Request timed out
"47 Domain Avenue, Kensington, Timaru ",Request timed out
"28 Birkett Street, Temuka ",Request timed out
"21 Neal Street, Temuka ",Request timed out
"22 St Leonards Road, Temuka ",Request timed out
"13 Davie Street, Temuka ",Request timed out
"5 Richard Pearse Drive, Temuka ",Request timed out
"14 Princes Street, Temuka ",Request timed out
"10 Halstead Road, Pleasant Point ",Request timed out
"49 Main Road, Pleasant Point ",Request timed out
"33A Maltby Avenue, West End, Timaru ",Request timed out
"26A Washdyke Flat Road, Washdyke, Timaru ",Request timed out
"24 Neal Street, Temuka ",Request timed out
"14 Orielton Place, Gleniti, Timaru ",Request timed out
"13 Roxburgh Street, Glenwood, Timaru ",Request timed out
"17 Hinau Place, Glenwood, Timaru ",Request timed out
"30 Pukatea Street, Glenwood, Timaru ",Request timed out
"32 Tekapo Street, Glenwood, Timaru ",Request timed out
"20 Elloughton Crescent, Marchwiel, Timaru ",Request timed out
"25 Kauri Street, Highfield, Timaru ",Request timed out
"29 Maple Crescent, Watlington, Timaru ",Request timed out
"29 Hassall Street, Parkside, Timaru ",Request timed out
"33 Wilson Street, Seaview, Timaru ",Request timed out
"12 Bradley Street, Watlington, Timaru ",Request timed out
"65 College Road, Parkside, Timaru ",Request timed out
"43 Rothwell Street, Redruth, Timaru ",Request timed out
"14 Hawkey Street, Kensington, Timaru ",Request timed out
"29 Royal Street, Kensington, Timaru ",Request timed out
"14 Shaw Street, Redruth, Timaru ",Request timed out
"11 Tancred Street, Geraldine",Request timed out
"14 Catherine Street, Parkside, Timaru",Request timed out
"75 Main Road, Pleasant Point",Request timed out
"581 Waipopo Road, Seadown",Request timed out
"1194 Peel Forest Road, Peel Forest",Request timed out
"17 Rockdale Road, Fairview",Request timed out
"12 Roxburgh Street, Glenwood, Timaru",Request timed out
"15 Barnes Street, Glenwood, Timaru",Request timed out
"33 Mahoneys Hill Road, Oceanview, Timaru",Request timed out
"15 Matilda Street, Seaview, Timaru",Request timed out
"18 Baker Street, West End, Timaru",Request timed out
"33 Maling Street, Geraldine",Request timed out
"14 Harrison Road, Winchester",Request timed out
"581 Woodbury Road, Woodbury",Request timed out
"10 Maryburn Place, Gleniti, Timaru",Request timed out
"1180 Peel Forest Road, Peel Forest",Request timed out
"15 Maitland Street, Pleasant Point",Request timed out
"14 Hawea Street, Glenwood, Timaru",Request timed out
"10 Braemar Place, Marchwiel, Timaru",Request timed out
"16 Harborough Street, Watlington, Timaru",Request timed out
"10 Talbot Street, Geraldine",Request timed out
"23 Brunswick Street, Seaview, Timaru",Request timed out
"12 Campbell Street, Geraldine",Request timed out
"12 Arthur Street, Timaru",Request timed out
"3 Harris Street, Geraldine",Request timed out
"12 Laughton Street, Washdyke, Timaru",Request timed out
"12 Pukatea Street, Glenwood, Timaru",Request timed out
"12 Ranfurly Street, West End, Timaru",Request timed out
"15 Cook Street, Oceanview, Timaru",Request timed out
"9 Rhodes Street, Parkside, Timaru",Request timed out
"24 Maling Street, Geraldine",Request timed out
"51 Marston Road, Kensington, Timaru",Request timed out
"10 Wilmshurst Road, Temuka",Request timed out
"15 Collingwood Street, Highfield, Timaru",Request timed out
"6 Grantlea Drive, Marchwiel, Timaru",Request timed out
"21 Hornbrook Street, Temuka",Request timed out
"14 Cass Street, Temuka",Request timed out
"12 Collingwood Street, Highfield, Timaru",Request timed out
"7 Grasmere Street, Waimataitai, Timaru",Request timed out
"14 Cameron Street, Seaview, Timaru",Request timed out
"23 Roslyn Terrace, West End, Timaru",Request timed out
"11 Darby Street, Geraldine",Request timed out
"32 Maple Crescent, Watlington, Timaru",Request timed out
"20 Matilda Street, Seaview, Timaru",Request timed out
"10 Barnard Street, Timaru",Request timed out
"16 Hawkey Street, Kensington, Timaru",Request timed out
"10 Rothwell Street, Redruth, Timaru",Request timed out
"16 Tancred Street, Geraldine",Request timed out
"30 Hamilton Street, Temuka",Request timed out
"66/420 Wai-Iti Road, Gleniti, Timaru",Request timed out
"88 Kent Street, Marchwiel, Timaru",Request timed out
"19 Hill View Crescent, Highfield, Timaru",Request timed out
"19 Craighead Street, Highfield, Timaru",Request timed out
"49 Matai Crescent, Highfield, Timaru",Request timed out
"14 Argyle Street, Marchwiel, Timaru",Request timed out
"18 Hatton Street, West End, Timaru",Request timed out
"161 Church Street, Seaview, Timaru",Request timed out
"31 Matilda Street, Seaview, Timaru",Request timed out
"50 Hassall Street, Parkside, Timaru",Request timed out
"22 Campbell Street, Geraldine",Request timed out
"27 Campbell Street, Geraldine",Request timed out
"27 Maling Street, Geraldine",Request timed out
"12 College Road, Parkside, Timaru",Request timed out
"30 Marston Road, Kensington, Timaru",Request timed out
"182 Downs Road, Geraldine Downs",Request timed out
"35 Matai Crescent, Highfield, Timaru",Request timed out
"51 Matai Crescent, Highfield, Timaru",Request timed out
"10 MacDonald Street, Waimataitai, Timaru",Request timed out
"19 Hatton Street, West End, Timaru",Request timed out
"7 Campbell Street, Maori Hill, Timaru",Request timed out
"15 Harper Street, Parkside, Timaru",Request timed out